HDDS,HDDS_predict
3,4.4113274
6,4.4113274
6,4.4113274
4,4.4113274
4,4.4113274
4,4.4113274
7,4.4113274
7,4.4113274
2,4.4113274
4,4.4113274
3,4.4113274
7,4.4113274
6,4.4113274
6,4.4113274
3,4.4113274
3,4.4113274
5,4.9650102
7,4.9650102
5,4.9650102
3,4.9650102
6,4.9650102
5,4.9650102
6,4.9650102
4,4.9650102
6,4.9650102
4,4.9650102
5,4.9650102
7,4.9650102
4,4.9650102
7,4.9650102
6,4.9650102
4,4.9650102
5,4.9650102
7,5.7390828
4,5.7390828
5,5.7390828
6,5.7390828
6,5.7390828
4,5.7390828
5,5.7390828
5,5.7390828
7,5.7390828
7,5.7390828
6,5.7379131
7,5.7390828
7,5.7390828
7,5.7390828
5,5.7390828
6,5.7390828
5,4.6206999
5,4.6206999
5,4.6206999
6,4.6206999
6,4.6206999
3,4.6206999
6,4.6206999
5,4.6206999
5,4.6206999
5,4.6206999
5,4.6206999
5,4.6206999
4,4.6206999
7,4.6206999
5,4.6206999
3,4.6206999
5,4.6206999
7,4.6206999
5,4.6206999
5,4.6347494
3,4.6347494
6,4.6347494
5,4.6347494
6,4.6347494
6,4.6347494
6,4.6347494
6,4.6347494
6,4.6347494
5,4.6347494
4,4.6347494
3,4.6347494
6,4.6347494
6,4.6347494
7,4.9786048
7,4.9786048
6,4.9786048
4,4.9786048
5,4.9786048
5,4.9786048
7,4.9786048
4,4.9786048
6,4.9786048
6,4.9786048
4,4.9786048
6,4.6497335
5,4.6497335
6,4.6485643
4,4.6497335
5,4.6497335
6,4.6497335
4,4.6497335
7,4.6497335
4,4.6497335
7,4.6497335
3,4.6497335
6,4.6497335
6,4.6497335
6,4.6497335
6,4.6497335
6,4.6497335
5,4.6497335
4,4.6884584
5,4.6884584
6,4.6884584
6,4.6884584
5,4.6884584
7,4.6884584
6,4.6884584
6,4.6884584
5,4.6884584
7,4.6884584
6,4.6884584
6,4.6884584
6,4.6884584
6,4.6884584
7,4.6884584
6,4.6884584
5,4.6884584
6,4.6884584
7,4.4328332
6,4.4328332
6,4.4328332
5,4.4328332
4,4.4328332
6,4.4328332
7,4.4328332
5,4.4328332
6,4.4328332
4,4.4328332
6,4.4328332
6,4.4328332
6,4.4328332
4,4.4328332
5,4.4328332
6,4.4328332
5,4.4328332
4,4.4328332
4,4.4328332
5,4.4328332
5,4.4328332
3,5.0611944
6,5.0611944
3,5.0611944
5,5.0623641
6,5.0611944
3,5.0611944
5,5.0611944
5,4.8504157
2,4.8504157
1,4.8504157
7,4.8504157
3,4.8504157
6,4.8504157
6,4.8504157
7,4.8504157
4,4.8504157
5,4.8504157
6,4.8504157
6,4.8504157
4,4.8504157
2,4.8504157
5,4.8504157
4,4.8504157
4,4.8504157
5,4.8504157
6,4.8504157
3,4.4096637
5,4.4096637
6,4.4096637
4,4.4096637
3,4.4096637
4,4.4096637
4,4.4096637
6,4.4096637
5,4.4096637
3,4.4096637
4,4.4096637
4,4.4096637
3,4.4096637
3,4.4096637
3,4.4096637
2,4.4096637
3,4.4096637
4,4.4096637
4,4.6600595
4,4.6600595
5,4.6600595
5,4.6600595
6,4.6600595
4,4.6600595
6,4.6600595
6,4.6600595
5,4.6612287
7,4.6470661
4,5.3930445
6,5.3930445
4,5.3930445
7,5.3930445
3,5.3930445
6,5.3918748
6,5.3930445
4,5.3930445
5,5.3930445
5,5.3930445
6,5.3942142
5,5.3930445
6,5.3930445
5,5.3930445
6,5.0295472
7,5.0295472
6,5.0295472
5,5.0295472
4,5.0295472
5,5.0295472
6,5.0295472
6,5.0295472
5,5.0295472
6,5.0307169
7,5.0295472
6,5.0295472
5,5.0307169
7,5.0295472
7,5.9826498
7,5.9814806
7,5.9826498
7,5.9826498
7,5.9826498
7,5.9826498
5,5.9826498
7,5.7810955
6,5.9826498
5,5.9814806
6,5.8164349
6,5.8164349
7,5.8152657
5,4.8418088
4,4.8418088
5,4.8418088
7,4.8418088
5,4.8418088
5,4.8418088
4,4.8418088
5,4.8418088
4,4.8418088
6,4.8418088
5,4.8418088
4,4.8418088
5,4.8418088
5,4.8418088
4,4.9692583
6,4.9692583
3,4.9692583
3,4.9692583
5,4.9692583
6,4.9692583
6,4.9692583
6,4.9692583
5,4.970428
2,4.9692583
4,4.9692583
4,4.9692583
5,4.9692583
6,4.9692583
2,4.970428
5,4.7688732
5,4.6489081
4,4.6489081
4,4.6489081
5,4.6489081
4,4.6489081
4,4.6489081
4,4.6489081
4,4.6489081
6,4.6489081
7,4.6489081
5,4.6489081
6,4.6489081
4,4.6489081
5,4.6489081
4,4.6489081
6,4.6489081
2,4.6489081
6,4.9006495
6,4.9018192
5,4.9006495
4,4.9006495
6,4.9006495
7,4.9006495
7,4.9006495
6,4.9006495
6,4.9006495
5,4.9006495
6,4.9006495
5,4.9006495
6,4.9006495
7,4.9006495
7,5.0451112
6,5.0451112
6,5.0451112
6,5.0451112
5,5.0451112
6,5.0451112
6,5.0451112
6,5.0451112
6,5.0451112
5,5.0451112
5,5.0451112
5,5.0451112
6,5.0451112
6,5.0451112
5,5.0451112
6,5.0451112
6,5.0451112
6,5.0451112
6,4.7836733
6,4.7836733
4,4.7836733
5,4.7836733
4,4.7836733
7,4.7836733
6,4.7836733
5,4.7836733
6,4.7836733
3,4.7836733
6,4.7836733
6,4.7836733
6,4.7836733
4,4.7836733
5,4.7836733
5,4.7836733
6,4.7836733
5,4.7836733
5,4.7836733
5,5.161654
6,5.161654
6,5.161654
6,5.1628232
6,5.161654
7,5.161654
6,5.161654
6,5.161654
6,5.161654
6,5.161654
6,5.161654
6,5.161654
7,5.161654
5,4.9344816
7,4.9344816
4,4.9344816
5,4.9344816
4,4.9344816
5,4.9344816
6,4.9333119
6,4.9344816
4,4.9344816
4,4.9344816
6,4.6939249
6,4.6939249
6,4.6939249
6,4.6939249
6,4.6939249
4,4.6939249
5,4.6939249
6,4.6939249
5,4.6939249
5,4.6939249
6,4.6939249
6,4.6939249
7,4.6939249
6,4.6939249
7,4.6939249
7,5.5990596
5,5.5990596
6,5.5990596
7,5.5990596
7,5.5990596
5,5.5990596
5,5.5990596
7,5.5990596
7,5.6002288
4,5.5990596
6,5.5990596
6,5.2917867
5,5.2917867
5,5.2917867
6,5.2917867
6,5.2917867
7,5.2917867
6,5.2917867
7,5.2917867
6,5.2917867
5,5.2917867
6,5.2917867
4,5.2917867
5,5.2917867
7,6.1774325
7,6.1774325
7,6.1774325
6,6.3789873
6,6.1774325
6,6.1774325
7,6.1774325
7,6.1774325
7,6.1774325
7,6.3778181
7,5.8930707
7,5.8942404
7,5.6926856
7,5.5745511
6,5.5745511
6,5.5745511
5,5.5745511
5,5.5745511
5,5.5745511
6,5.5745511
7,5.374166
5,5.5745511
6,5.5745511
6,5.5745511
5,5.5745511
6,5.5745511
7,5.5745511
5,4.8493357
5,4.8493357
4,4.8493357
4,4.8493357
4,4.8493357
3,4.8493357
5,4.8493357
6,4.8493357
6,4.8493357
5,4.8493357
5,4.8493357
6,4.8493357
5,4.8493357
4,4.8493357
6,4.8493357
6,4.8493357
4,4.6886148
7,4.6886148
7,4.6886148
5,4.6886148
5,4.6886148
3,4.6886148
4,4.6886148
3,4.6886148
3,4.6886148
6,4.6886148
5,4.6886148
6,4.6886148
6,4.6886148
5,4.6886148
3,4.6886148
5,4.6886148
6,4.8517632
4,4.8517632
5,4.8517632
6,4.8517632
5,4.8517632
4,4.8517632
3,4.8517632
4,4.8517632
4,4.8517632
5,4.8517632
2,4.8517632
6,4.8517632
4,4.8517632
5,4.8517632
4,4.8517632
6,4.8517632
4,4.9385157
5,4.9385157
4,4.9385157
7,4.9385157
6,4.9385157
4,4.9385157
5,4.9385157
4,4.9385157
6,4.9385157
5,4.9385157
5,4.9385157
4,4.9385157
7,4.9385157
4,4.9385157
6,4.9385157
6,4.9385157
3,4.9385157
7,5.9030881
6,5.9030881
6,5.9030881
6,5.9030881
7,5.9030881
6,5.9030881
4,5.9030881
6,5.9030881
6,5.9030881
6,5.9030881
6,5.9030881
5,5.9030881
5,5.9030881
7,5.9030881
7,5.9030881
5,5.9030881
7,5.9030881
7,5.7480974
6,5.7480974
7,5.7480974
3,5.4821877
6,5.4821877
6,5.4821877
6,5.4821877
6,5.4821877
5,5.4821877
7,5.4821877
4,5.4821877
4,5.4821877
4,5.4821877
6,5.4821877
6,5.4821877
5,5.4821877
6,5.4821877
6,5.4821877
4,5.4821877
5,5.4821877
4,5.7993155
7,5.7993155
7,5.7993155
6,5.7993155
6,5.7993155
6,5.7993155
7,5.7993155
7,5.7993155
5,5.7993155
6,5.7993155
5,5.7993155
6,5.7993155
6,4.87573
6,4.87573
7,4.87573
4,4.87573
5,4.87573
6,4.87573
5,4.87573
4,4.87573
5,4.87573
6,4.87573
6,4.87573
5,4.87573
4,4.6298785
7,4.6298785
3,4.6298785
4,4.6298785
6,4.6298785
6,4.6298785
6,4.6298785
4,4.6298785
5,4.6298785
5,4.6298785
6,4.6298785
5,4.6298785
5,4.6298785
3,4.6209025
6,4.6209025
4,4.6209025
7,4.6209025
7,4.6209025
6,4.6209025
4,4.6209025
5,4.6209025
4,4.6209025
6,4.6209025
4,4.6209025
4,4.6209025
4,4.6209025
6,4.6209025
2,4.6209025
4,4.6499023
7,4.7822113
6,4.7822113
7,4.7822113
6,4.7822113
7,4.7822113
6,4.7822113
5,4.7822113
7,4.7822113
5,4.7822113
3,4.7822113
6,4.7822113
6,4.7822113
4,4.7822113
6,4.7822113
5,4.7822113
5,4.7822113
7,4.6638908
5,4.6416035
5,4.6416035
6,4.6416035
3,4.6416035
7,4.6416035
5,4.6416035
7,4.6416035
6,4.6416035
7,4.6416035
5,4.6416035
6,4.6416035
6,4.6416035
5,4.6416035
7,4.6416035
5,4.6416035
6,5.7847829
6,5.7847829
7,5.7847829
7,5.7847829
6,5.7847829
4,5.7847829
7,5.7847829
7,5.7847829
7,5.7847829
5,6.1365299
6,6.1365299
6,6.1365299
7,6.1365299
5,6.1365299
6,6.1365299
7,6.1365299
5,6.1365299
7,6.1365299
7,6.1365299
6,6.1365299
7,6.1365299
6,6.1365299
7,6.1365299
4,5.6238384
5,5.6238384
6,5.6238384
5,5.6238384
6,5.6238384
7,5.6238384
7,5.6238384
5,5.6238384
5,5.6238384
6,5.6238384
7,5.6238384
6,5.6238384
5,5.6238384
5,5.6238384
5,4.9973731
6,4.9973731
6,4.9973731
6,4.9973731
6,4.9973731
6,5.1699033
6,5.1699033
6,5.1699033
7,5.1699033
6,5.1699033
5,5.1699033
7,5.1699033
4,5.1699033
5,5.1699033
5,5.1699033
4,5.1699033
6,5.1699033
2,5.1699033
5,5.1699033
6,5.1699033
4,4.6496243
6,4.7075744
6,4.7075744
7,4.7075744
7,4.7075744
6,4.7075744
6,4.7075744
3,4.7075744
6,4.7075744
6,4.7075744
6,4.7075744
6,4.7075744
6,4.7075744
6,4.7075744
6,4.7075744
6,4.7075744
5,4.8020606
6,4.8020606
6,4.8020606
4,4.8020606
6,4.8020606
6,4.8020606
7,4.8020606
6,4.8020606
5,4.8020606
6,4.8020606
5,4.8020606
5,4.8020606
7,4.8020606
4,4.8020606
6,4.8020606
4,4.8020606
6,4.8020606
5,4.8020606
7,4.8020606
4,4.8020606
6,4.8225546
3,4.8225546
6,4.8225546
6,4.8225546
5,4.8225546
5,4.8225546
5,4.8225546
6,4.8225546
5,4.8225546
5,4.8225546
6,4.8225546
3,4.8225546
5,4.8225546
6,4.8225546
3,4.8225546
6,4.8225546
6,4.8225546
5,4.8225546
6,4.8225546
6,4.8225546
4,4.7177405
4,4.7177405
5,4.7177405
6,4.7177405
6,4.7177405
4,4.7177405
5,4.7177405
6,4.7177405
4,4.7177405
3,4.7177405
6,4.7177405
6,4.7177405
6,4.7177405
5,4.7177405
5,4.7177405
6,4.7177405
7,4.7177405
7,4.7177405
6,4.7177405
4,4.7177405
7,4.7177405
5,4.7177405
6,4.7177405
5,4.7423177
6,4.7423177
4,4.7423177
4,4.7423177
4,4.7423177
5,4.7423177
6,4.7423177
3,4.7423177
5,4.7423177
4,4.7423177
4,4.7423177
4,4.7423177
5,4.7423177
7,4.7423177
4,4.7423177
4,4.7423177
3,5.0747647
5,5.0747647
4,5.0747647
4,5.0747647
6,5.0747647
6,5.0747647
5,5.0747647
7,5.0747647
7,5.0747647
4,5.0747647
6,5.0747647
6,5.0747647
7,5.0747647
5,5.0747647
5,5.0747647
7,5.0747647
6,5.0331106
7,5.0331106
5,5.0331106
4,5.0331106
6,5.0331106
4,5.0331106
2,5.0331106
6,5.0331106
6,5.0331106
2,5.0331106
6,5.0331106
4,4.4198442
6,4.4198442
5,4.4198442
3,4.4198442
5,4.4198442
6,4.4198442
5,4.4198442
6,4.4198442
6,4.4198442
4,4.4198442
5,4.4198442
4,4.4198442
5,4.4198442
5,4.4198442
3,4.4198442
5,4.5983105
3,4.5983105
5,4.5983105
6,4.5983105
5,4.5983105
5,4.5983105
7,4.5983105
4,4.5983105
6,4.5983105
5,4.5983105
3,4.5983105
3,4.5983105
3,4.5983105
4,4.5983105
4,4.5983105
5,4.5983105
4,4.5983105
7,5.489327
6,5.489327
5,5.489327
4,5.489327
7,5.489327
6,5.489327
6,5.489327
6,5.489327
5,5.489327
5,5.489327
7,5.489327
5,5.489327
7,5.489327
6,5.489327
7,5.489327
6,5.489327
6,4.8137097
7,4.8137097
5,4.8137097
6,4.8137097
6,4.3840785
7,4.8465085
4,4.8465085
3,4.8465085
4,4.8465085
5,4.8465085
5,4.8465085
4,4.8465085
3,4.8465085
6,4.8465085
6,4.8465085
5,4.8465085
7,4.8465085
5,4.8465085
6,4.8465085
5,4.8465085
5,4.7925806
4,4.7925806
6,4.7925806
5,4.7925806
4,4.7925806
6,4.7925806
2,4.7925806
5,4.7925806
5,4.7925806
6,4.7925806
5,4.7925806
5,4.7925806
6,4.7925806
5,4.7925806
6,4.7925806
6,4.7925806
4,4.7925806
6,4.7925806
6,4.7925806
6,4.5694475
4,4.5694475
6,4.5694475
4,4.5694475
6,4.5694475
6,4.5694475
5,4.5694475
2,4.5694475
6,4.5694475
3,4.5694475
5,4.5694475
4,4.5694475
5,4.5694475
5,4.5694475
4,4.5694475
5,4.7668166
3,4.7668166
3,4.7668166
3,4.7668166
5,4.7668166
2,4.7668166
6,4.7668166
6,4.7668166
4,4.7668166
4,4.7668166
6,4.7668166
3,4.7668166
4,4.7668166
3,4.7668166
5,4.4476309
5,4.4476309
7,4.4476309
3,4.4476309
6,4.6089444
5,4.6089444
3,4.6089444
5,4.6089444
4,4.6089444
6,4.6089444
2,4.6089444
4,4.6089444
3,4.6089444
5,4.6089444
4,4.6089444
3,4.6089444
4,4.5957484
4,4.5957484
4,4.5957484
5,4.5957484
4,4.5957484
6,4.5957484
6,4.5957484
6,4.5957484
6,4.5957484
6,4.5957484
4,4.5957484
6,4.5957484
5,4.5957484
4,4.5957484
4,4.5957484
6,4.5957484
5,4.5957484
5,4.5957484
7,4.5957484
5,4.5957484
4,4.7256565
5,5.385169
7,5.385169
6,6.0722671
7,6.0722671
6,6.0722671
7,6.0722671
7,6.0722671
5,6.0722671
7,6.0722671
7,6.0722671
6,6.0722671
6,6.0722671
7,5.9119349
7,5.9119349
7,5.9119349
7,5.9119349
6,5.9119349
7,5.9119349
3,5.9119349
6,5.9119349
7,5.9119349
6,5.9119349
6,5.9119349
7,5.9119349
7,5.9119349
7,5.9119349
6,5.9119349
6,5.9119349
7,5.9119349
5,5.9119349
6,5.9119349
7,5.9119349
5,5.9119349
6,5.9682951
5,5.9682951
7,5.9682951
7,5.9682951
7,6.7175436
7,6.7175436
7,6.7175436
6,6.5171585
7,6.7175436
7,6.7175436
6,6.7175436
7,6.7175436
7,6.7175436
7,6.7175436
6,6.7175436
7,6.7175436
7,6.7175436
7,6.7175436
7,6.7175436
6,6.7175436
7,6.7175436
7,6.7175436
7,6.4972706
4,6.4972706
6,6.4972706
6,6.4972706
7,6.4972706
6,6.4972706
6,6.4972706
7,6.4972706
7,6.4972706
7,6.4972706
6,6.4972706
7,6.4972706
7,6.4972706
6,6.4972706
7,6.4972706
7,6.4972706
5,6.4972706
7,6.3831348
7,6.3831348
6,6.3831348
6,6.3831348
7,6.3831348
7,6.3831348
7,6.3831348
6,6.3831348
7,6.3831348
7,6.3831348
6,6.3831348
6,6.3831348
7,6.3831348
5,5.3535914
6,5.3535914
6,5.3535914
6,5.3535914
7,5.3535914
7,5.3535914
7,5.3535914
5,5.3535914
5,5.3535914
6,5.3535914
6,5.3535914
6,5.3535914
3,5.3535914
7,5.3535914
7,5.3535914
6,5.3535914
7,5.3535914
7,7.9667706
7,7.9667706
7,7.9667706
7,7.9667706
7,7.9667706
6,7.9667706
7,7.9667706
7,7.9667706
7,7.9667706
7,7.9667706
7,7.9667706
7,7.9667706
7,7.9667706
7,7.9667706
6,5.4218802
6,5.4218802
6,5.4218802
5,5.4218802
7,5.4218802
7,5.4218802
7,5.4218802
6,5.4218802
6,5.4218802
5,5.4218802
5,5.4218802
6,5.4218802
5,5.4218802
6,5.4218802
6,5.4218802
5,5.4218802
4,5.4218802
5,5.3875008
7,5.3875008
6,5.3875008
6,5.3875008
7,5.3875008
7,5.3875008
5,5.3875008
7,5.3875008
7,5.2806973
5,5.2806973
6,5.2806973
5,5.2806973
7,5.2806973
6,5.2806973
6,5.2806973
6,5.2806973
5,5.2806973
6,5.2806973
6,5.2806973
4,5.2806973
7,5.2806973
5,5.2806973
6,5.2806973
6,5.2806973
5,4.8777699
7,4.8777699
5,4.8777699
5,4.8777699
7,4.8777699
6,4.8777699
5,4.8777699
5,4.6540551
3,4.6540551
3,4.6540551
7,4.6540551
6,4.6540551
5,4.6540551
5,4.6540551
5,4.6540551
6,4.6540551
6,4.6540551
5,4.6540551
5,4.6540551
5,4.6540551
3,4.6540551
5,4.6540551
5,4.6540551
3,4.6540551
3,4.6540551
6,4.635695
5,4.635695
5,4.635695
6,4.635695
4,4.635695
6,4.635695
5,4.635695
5,4.635695
3,4.635695
5,4.635695
4,4.635695
6,4.635695
4,4.635695
6,4.635695
5,4.635695
5,4.635695
4,4.635695
5,4.635695
6,4.9914598
6,4.9914598
6,4.9914598
5,4.44491
5,4.44491
6,4.44491
4,4.44491
5,4.44491
6,4.44491
6,4.44491
2,4.44491
5,4.44491
5,4.44491
6,4.44491
6,4.44491
3,4.44491
3,4.44491
5,4.44491
5,4.44491
5,4.6547251
7,4.7356482
7,4.7356482
4,4.7356482
5,4.7356482
6,4.7356482
6,4.7356482
5,4.7356482
6,4.7356482
5,4.7356482
5,4.7356482
4,4.7356482
5,4.7356482
5,4.7356482
4,4.7356482
5,4.7356482
6,4.7356482
5,4.7356482
5,4.7356482
5,4.7356482
5,4.4595075
6,4.4595075
5,4.4595075
4,4.4595075
4,4.4595075
6,4.4595075
6,4.4595075
6,4.4595075
5,4.4595075
5,4.4595075
4,4.4595075
6,4.4595075
6,4.4595075
6,4.4595075
5,4.4595075
5,4.4595075
5,4.4595075
6,4.4595075
5,4.4595075
5,4.3245254
6,4.3245254
5,4.3245254
4,4.3245254
4,4.3245254
5,4.3245254
3,4.3245254
6,4.3245254
4,4.3245254
4,4.3245254
3,4.3245254
4,4.3245254
6,4.3245254
5,4.3245254
5,4.3245254
6,4.3245254
5,4.3245254
4,4.938498
6,4.938498
7,4.938498
6,4.938498
7,6.045218
6,6.045218
7,6.045218
6,6.045218
6,6.045218
7,6.045218
7,6.045218
6,6.045218
7,6.045218
6,6.045218
7,6.045218
6,6.045218
7,6.045218
7,6.045218
6,6.045218
6,6.045218
6,5.2506933
6,5.2506933
7,5.2506933
6,5.2506933
7,5.2506933
7,5.2506933
6,5.2506933
5,5.2506933
7,5.2506933
6,5.2506933
7,5.2506933
7,5.2506933
6,5.2506933
6,5.2506933
7,5.2506933
6,5.2506933
6,5.2506933
5,5.2506933
5,4.9215164
7,4.9215164
6,4.9215164
7,4.9215164
6,4.9215164
7,4.9215164
7,4.9215164
3,4.9215164
6,4.9215164
5,4.9215164
6,4.9215164
6,4.9215164
6,4.9215164
6,4.9215164
4,4.9215164
5,4.9215164
6,4.9215164
6,4.9215164
6,4.9215164
6,4.9429369
4,4.9429369
4,4.9429369
4,4.9429369
5,4.9429369
5,4.9429369
7,4.9429369
6,4.9429369
4,4.9429369
6,4.9429369
5,4.9429369
6,4.9429369
6,4.9429369
4,4.9429369
5,4.8339257
6,4.8339257
6,4.8339257
6,4.8339257
6,4.8339257
6,4.8339257
5,4.8339257
5,4.8339257
4,4.8339257
6,4.8339257
6,4.8339257
5,4.8339257
6,4.8339257
7,4.8339257
6,4.8339257
5,4.8339257
6,4.8339257
7,5.154665
6,5.154665
6,5.154665
6,5.154665
7,5.0976772
6,5.0976772
6,5.0976772
6,5.0976772
6,5.0976772
6,5.0976772
5,5.0976772
7,5.0976772
6,5.0976772
7,5.0976772
7,5.0976772
6,5.0976772
6,5.0976772
6,5.0976772
4,5.0976772
7,5.0976772
7,5.0976772
3,5.0976772
6,5.0976772
6,4.9351068
6,4.9351068
6,4.9351068
7,4.9351068
6,4.9351068
6,4.9351068
5,4.9351068
4,4.9351068
6,4.959681
6,4.959681
6,4.959681
4,4.959681
6,4.959681
6,4.959681
6,4.959681
6,4.959681
5,4.959681
6,4.959681
5,4.959681
6,4.959681
6,4.959681
5,4.959681
5,4.959681
3,4.959681
6,4.959681
6,4.959681
6,5.8332043
6,5.8332043
7,5.8332043
6,5.8332043
5,5.8332043
6,5.8332043
6,5.8332043
7,5.8332043
6,5.8332043
6,5.8332043
6,5.8332043
7,5.8332043
6,5.8332043
7,5.8332043
6,5.8332043
7,5.8332043
6,4.6785827
6,4.2538543
6,4.2538543
5,4.2538543
6,4.2538543
4,4.2538543
5,4.2538543
5,4.2538543
6,4.2538543
6,4.2538543
5,4.2538543
5,4.2538543
5,4.2538543
5,4.2538543
6,4.2538543
6,4.2538543
6,4.2538543
7,5.5980339
6,5.5980339
7,5.5980339
6,4.7021189
7,4.7021189
3,4.7021189
5,4.7021189
5,4.7021189
7,4.7021189
5,4.7021189
6,4.7021189
6,4.7021189
5,4.7021189
6,4.7021189
3,4.7021189
7,4.7021189
5,4.7021189
5,4.7021189
6,4.7021189
7,5.3236032
6,5.1072326
5,5.1072326
6,5.1072326
5,5.1072326
6,5.1072326
5,5.1072326
3,5.1072326
5,5.1072326
4,5.1072326
6,5.1072326
5,5.1072326
3,5.1072326
6,5.1072326
5,5.1072326
5,5.1072326
6,5.1072326
6,5.1072326
5,4.9105301
5,4.9105301
2,4.9105301
6,4.9105301
4,4.9105301
5,4.9105301
2,4.9105301
6,4.9105301
3,4.9105301
5,4.9105301
6,4.9105301
5,4.9105301
6,5.2396202
6,5.2396202
6,5.2396202
7,5.2396202
6,5.2396202
3,5.2396202
6,5.2396202
6,5.2396202
6,5.2396202
7,5.2396202
7,5.2396202
6,5.2396202
5,5.2396202
6,6.1779609
5,6.1779609
7,6.1779609
7,6.1779609
7,6.1779609
7,6.1779609
6,6.1779609
6,6.1779609
6,6.1779609
6,6.1779609
7,6.1779609
7,6.1779609
6,6.1779609
7,6.1598067
7,6.1598067
7,6.1598067
7,6.3601918
7,6.3601918
6,6.3601918
5,5.2886577
6,5.2886577
7,5.2886577
6,5.2886577
6,5.2886577
7,5.4890428
7,5.2886577
7,5.2886577
6,5.2886577
7,5.2886577
7,5.2886577
6,5.2886577
6,5.2886577
6,5.2886577
6,5.2886577
7,5.2886577
5,5.2886577
7,5.2886577
7,6.1859665
7,6.1859665
7,6.1859665
6,6.1859665
7,6.1859665
7,6.1859665
7,6.1859665
5,6.1859665
7,6.1859665
7,6.1859665
7,6.1859665
7,6.1859665
7,6.1859665
7,6.1859665
5,6.1859665
6,6.1859665
7,6.1859665
6,5.771503
6,5.771503
7,5.771503
7,5.771503
7,5.771503
6,5.9718881
7,5.771503
7,5.771503
7,5.771503
6,5.771503
6,5.771503
7,5.771503
7,5.9718881
7,5.771503
7,5.771503
6,5.771503
7,5.771503
7,5.771503
6,5.9276466
5,6.109973
6,6.109973
6,6.109973
5,6.109973
5,6.109973
6,6.109973
5,6.109973
7,6.109973
7,6.109973
6,6.109973
6,6.109973
7,6.109973
7,6.109973
6,6.109973
6,6.109973
5,6.109973
7,6.109973
7,6.109973
6,5.6471167
7,5.6471167
6,5.6471167
6,5.6471167
5,5.6471167
6,5.6471167
7,5.6471167
7,5.6471167
6,5.6013689
5,5.6013689
6,5.475503
6,5.475503
7,5.475503
7,5.475503
7,5.475503
6,5.475503
6,5.475503
6,5.475503
4,5.475503
6,5.475503
6,5.475503
4,5.475503
7,4.8493357
5,4.7162628
6,4.7162628
6,4.7162628
6,4.7162628
6,4.7162628
6,4.7162628
4,4.7162628
6,4.7162628
5,4.7162628
5,4.7162628
6,4.7162628
4,4.7162628
6,4.7162628
6,4.7162628
7,4.7162628
6,4.7162628
5,4.9912438
5,4.9912438
6,4.9912438
6,4.9912438
7,4.9912438
6,4.9912438
7,4.9912438
6,4.9912438
7,4.9912438
7,4.9912438
5,4.9912438
6,4.9912438
7,4.9912438
5,4.9912438
6,4.9912438
6,4.9912438
6,4.9912438
6,4.9912438
7,4.9912438
7,4.9912438
5,4.9912438
5,4.9912438
7,4.8954563
6,5.7734752
6,5.7734752
6,5.7734752
7,5.7734752
6,5.7734752
6,5.7734752
7,5.7734752
3,5.7734752
7,5.7734752
5,5.7734752
7,5.7734752
5,5.7734752
6,5.7734752
6,5.7734752
7,5.7734752
5,5.7734752
5,5.1161108
7,5.1161108
6,5.1161108
5,5.1161108
6,5.1161108
6,5.1161108
7,5.1161108
6,5.1161108
5,5.1161108
4,5.1161108
6,5.1161108
6,5.1161108
7,5.1161108
4,5.1161108
6,5.1161108
5,5.1161108
5,5.1161108
5,5.1161108
5,5.1161108
6,5.1161108
6,5.2127028
6,5.2127028
5,5.2127028
3,5.2127028
3,5.2127028
5,5.2127028
7,5.2127028
6,5.2127028
6,5.2127028
6,5.2127028
6,5.2127028
7,5.2127028
5,5.2127028
5,5.2127028
6,5.2127028
5,5.7480974
6,5.1227903
6,5.1227903
4,5.1227903
7,5.1227903
4,5.1227903
5,5.1227903
4,5.1227903
4,5.1227903
7,5.1227903
6,5.1227903
5,5.1227903
2,5.1227903
6,5.1227903
6,5.1227903
6,5.1227903
3,5.1227903
4,5.7993155
6,5.7993155
5,4.87573
6,4.87573
5,4.9595494
5,4.9595494
5,4.9595494
4,4.9595494
6,4.9595494
4,4.9595494
4,4.9595494
6,4.9595494
5,4.9595494
5,4.9595494
6,4.9595494
5,4.9595494
6,4.9595494
5,4.9595494
5,4.9595494
7,4.6298785
7,4.6298785
7,4.6209025
7,4.6209025
3,4.6209025
6,4.6209025
4,4.6483898
7,4.6483898
7,4.6483898
6,4.6483898
5,4.6483898
4,4.6483898
5,4.6483898
4,4.6483898
7,4.6483898
7,4.6483898
6,4.6483898
7,4.6483898
7,4.6483898
5,4.6483898
5,4.6483898
6,4.6483898
7,4.8923039
7,4.8923039
7,4.8923039
5,4.8923039
7,4.8923039
5,4.8923039
3,4.8923039
6,4.8923039
4,4.8923039
5,4.8923039
5,4.8923039
6,4.8923039
7,4.8923039
6,4.8923039
6,4.6499023
5,4.3927197
4,4.3927197
6,4.3927197
4,4.3927197
3,4.3927197
6,4.3927197
6,4.3927197
6,4.3927197
7,4.3927197
6,4.3927197
5,4.3927197
5,4.3927197
3,4.3927197
7,4.3927197
5,4.3927197
7,4.8154697
6,4.8154697
2,4.8154697
5,4.8154697
3,4.8154697
4,4.8154697
7,4.8154697
7,4.8154697
6,4.8154697
5,4.8154697
4,4.8154697
6,4.8154697
7,4.8154697
7,4.8154697
7,4.8154697
7,4.8154697
5,4.8154697
3,4.8154697
6,4.8154697
5,4.6638908
4,4.6416035
7,5.7847829
6,5.7847829
6,5.7847829
7,7.4106441
6,7.4106441
7,7.4106441
7,7.4106441
7,7.4106441
6,7.2102585
6,7.4106441
7,7.4106441
7,7.4106441
7,7.4106441
7,7.4106441
7,6.1365299
7,6.1365299
4,6.1365299
4,4.9973731
4,4.9973731
6,5.1699033
6,4.8462272
6,4.8462272
6,4.8462272
7,4.8462272
7,4.8462272
6,4.8462272
7,4.8462272
6,4.8462272
5,4.8462272
6,4.8462272
6,4.8462272
6,4.8462272
5,4.8462272
6,4.8462272
7,4.8462272
6,4.8462272
6,4.7492733
6,4.7492733
5,4.7492733
7,4.7492733
4,4.7492733
5,4.7492733
5,4.7492733
4,4.7492733
6,4.7492733
6,4.7492733
6,4.7492733
6,4.7492733
5,4.7492733
6,4.7492733
6,4.7492733
6,4.7492733
4,4.7492733
7,4.5471582
3,4.5471582
4,4.5471582
2,4.5471582
5,4.5471582
6,4.5471582
6,4.5471582
6,4.5471582
6,4.5471582
6,4.5471582
4,4.5471582
7,4.5471582
6,4.5471582
4,4.5471582
5,4.5471582
6,4.5471582
6,4.5471582
4,4.6496243
5,4.6496243
5,4.6496243
5,4.6496243
6,4.6496243
4,4.7075744
3,4.6822796
4,4.8020606
5,4.5274177
6,4.5274177
4,4.5274177
7,4.5274177
6,4.5274177
6,4.5274177
6,4.5274177
7,4.5274177
6,4.5274177
6,4.5274177
6,4.5274177
4,4.5274177
5,4.5274177
4,4.5274177
4,4.5274177
7,4.5274177
5,4.5274177
4,4.5274177
6,4.7177405
6,4.7423177
5,4.5729966
4,4.5729966
6,4.5729966
6,4.5729966
4,4.5729966
6,4.5729966
4,4.5729966
5,4.5729966
6,4.5729966
6,4.5729966
4,4.5729966
4,4.5729966
6,4.5729966
6,4.5729966
7,4.5729966
6,4.5729966
6,4.5729966
4,4.5729966
6,5.0747647
7,5.9805264
7,5.9805264
5,5.9805264
6,5.9805264
7,5.9805264
7,5.9805264
7,5.9805264
5,5.9805264
6,5.9805264
7,5.9805264
6,5.9805264
6,5.9805264
5,5.9805264
5,5.9805264
7,5.9805264
6,5.9805264
7,5.5023804
6,5.500524
7,5.500524
7,5.500524
7,5.500524
4,5.500524
4,5.500524
6,5.500524
5,5.500524
7,5.500524
5,5.500524
6,5.500524
6,5.500524
6,5.500524
4,4.5104947
6,4.5104947
5,4.5104947
7,4.5104947
4,4.5104947
6,4.5104947
6,4.5104947
6,4.5104947
6,4.5104947
4,4.5104947
6,4.5104947
5,4.5104947
6,4.5104947
5,4.5104947
5,4.5104947
6,4.5104947
3,4.5104947
6,4.5104947
5,4.5104947
6,4.4360518
4,4.4360518
5,4.4360518
4,4.4360518
3,4.4360518
3,4.4360518
7,4.4360518
5,4.4360518
5,4.4360518
2,4.4360518
3,4.4360518
3,4.4360518
6,4.4360518
4,4.4360518
3,4.4360518
5,4.4360518
4,4.4360518
5,5.489327
5,4.8137097
7,4.8137097
6,4.8137097
6,4.6051412
4,4.6051412
5,4.6051412
4,4.6051412
5,4.6051412
4,4.6051412
5,4.6051412
5,4.6051412
5,4.6051412
3,4.6051412
5,4.6051412
4,4.6051412
4,4.6051412
3,4.6051412
5,4.6051412
4,4.6051412
6,4.6051412
6,4.8033905
6,4.8033905
6,4.8033905
2,4.8033905
5,4.8033905
7,4.8033905
7,4.8033905
4,4.8033905
5,4.8033905
5,4.8033905
5,4.8033905
2,4.8033905
4,4.8033905
5,4.8033905
5,4.8033905
4,4.8033905
7,4.8033905
5,4.8033905
3,4.8033905
6,4.8033905
5,4.8033905
6,4.4733071
4,4.4733071
5,4.4733071
3,4.4733071
2,4.4733071
4,4.4733071
5,4.4733071
7,4.4733071
3,4.4733071
4,4.4733071
4,4.4733071
6,4.4733071
5,4.4733071
5,4.4733071
6,4.9084649
6,4.9084649
6,4.9084649
5,4.9084649
7,4.9084649
4,4.9084649
5,4.9084649
5,4.9084649
5,4.9084649
5,4.9084649
5,4.9084649
4,4.9084649
6,4.9084649
7,4.9084649
6,4.9084649
6,4.9084649
6,4.9084649
5,4.9084649
7,4.3840785
4,4.3840785
6,4.5484471
4,4.5484471
6,4.5484471
5,4.5484471
4,4.5484471
5,4.5484471
5,4.5484471
5,4.5484471
4,4.5484471
5,4.5484471
6,4.5484471
5,4.5484471
5,4.5484471
4,4.5484471
3,4.5484471
5,4.682981
6,4.682981
6,4.682981
5,4.682981
7,4.682981
5,4.682981
6,4.682981
6,4.682981
5,4.682981
5,4.682981
4,4.682981
6,4.682981
3,4.682981
4,4.682981
3,4.682981
5,4.682981
2,4.682981
4,4.4476309
6,4.4476309
4,4.4476309
4,4.4476309
5,4.4476309
4,4.4476309
6,4.4476309
5,4.4476309
6,4.4476309
2,4.4476309
5,4.4476309
2,4.4476309
4,4.4476309
2,4.4476309
4,4.4476309
5,4.7256565
6,4.7256565
4,4.7256565
5,4.7256565
6,4.7256565
5,4.7256565
3,4.7256565
5,4.7256565
3,4.7256565
5,4.7256565
7,4.7256565
3,4.7256565
3,4.7256565
5,4.7256565
6,4.7256565
5,4.7256565
5,4.7256565
6,4.8010926
5,4.8010926
5,4.8010926
2,4.8010926
4,4.8010926
6,4.8010926
5,4.8010926
3,4.8010926
7,4.8010926
5,4.8010926
3,4.8010926
5,4.8010926
5,4.8010926
6,4.8010926
6,4.8010926
6,4.8010926
6,5.385169
7,6.0722671
5,6.0722671
7,6.0722671
5,6.0722671
6,5.9119349
7,5.9119349
6,5.9119349
5,5.9119349
4,5.9682951
7,5.9682951
7,6.7175436
7,6.7175436
6,6.4972706
7,6.4972706
5,6.3831348
6,6.3831348
6,6.3831348
7,6.0630631
6,6.0630631
7,6.0630631
7,6.0630631
6,6.0630631
7,6.0630631
7,6.0630631
6,6.0630631
7,6.0630631
6,5.7039604
5,5.7039604
5,5.7039604
7,5.7039604
5,5.7039604
6,5.7039604
6,5.7039604
4,5.7039604
6,5.7039604
6,5.7039604
7,5.7039604
6,5.7039604
6,5.7039604
5,5.7039604
7,5.7039604
7,5.3535914
4,5.3535914
4,5.3535914
5,5.3535914
5,5.4218802
7,5.4218802
6,5.4218802
6,5.3875008
7,5.3875008
6,5.3875008
7,5.3875008
6,5.782773
5,5.782773
6,4.6045613
6,4.6045613
6,4.6045613
4,4.6045613
5,4.6045613
4,4.6045613
4,4.6045613
6,4.6045613
6,4.6045613
6,4.6045613
6,4.6045613
5,4.6045613
6,4.6045613
6,4.6045613
5,4.6045613
6,4.6045613
6,4.6045613
4,4.6955705
6,4.6955705
5,4.6955705
6,4.6955705
6,4.6955705
6,4.6955705
6,4.6955705
7,4.6955705
6,4.6955705
6,4.6955705
6,4.7789965
5,4.7789965
6,4.7789965
6,4.7789965
6,4.7789965
3,4.7789965
4,4.7789965
6,4.7789965
4,4.7789965
5,4.7789965
5,4.7789965
6,4.7789965
4,4.7789965
5,4.7789965
6,4.7789965
4,4.7789965
6,4.6547251
4,5.0643911
6,5.0643911
7,5.0643911
6,5.0643911
6,5.0643911
6,5.0643911
5,5.0643911
6,5.0643911
5,5.0643911
6,5.0643911
3,5.0643911
5,5.0643911
6,5.0643911
5,5.0643911
7,5.0643911
6,5.0643911
6,5.0643911
6,5.0643911
6,5.0643911
6,5.0643911
4,4.6496992
7,4.6496992
5,4.6496992
4,4.6496992
6,4.6496992
6,4.6496992
5,4.6496992
3,4.6496992
5,4.6496992
5,4.6496992
4,4.6496992
5,4.6496992
5,4.6496992
6,4.6496992
5,4.6496992
7,4.6496992
4,4.6496992
5,4.6496992
2,4.6496992
4,4.6496992
4,4.4595075
5,4.6476436
6,4.4472585
6,4.4472585
5,4.4472585
6,4.4472585
6,4.4472585
6,4.6476436
5,4.4472585
5,4.6476436
5,4.4472585
4,4.4472585
5,4.4472585
6,4.4472585
5,4.4472585
7,4.4472585
6,4.6476436
5,4.4472585
6,4.6082253
6,4.6082253
6,4.6082253
6,4.6082253
5,4.6082253
6,4.8086104
5,4.6082253
6,4.6082253
7,4.6082253
4,4.6082253
4,4.8086104
6,4.6082253
5,4.6082253
5,4.6082253
2,4.938498
5,4.713778
6,4.713778
4,4.713778
4,4.713778
4,4.713778
6,4.713778
5,4.713778
3,4.713778
4,4.713778
7,4.713778
4,4.713778
4,4.713778
7,4.713778
6,4.713778
5,4.713778
5,4.713778
4,4.713778
6,4.713778
4,4.713778
7,4.713778
5,4.713778
7,6.045218
6,6.045218
7,5.2506933
4,5.0161905
6,5.101685
5,5.101685
5,5.101685
6,5.101685
6,5.101685
6,5.101685
6,5.101685
6,5.101685
5,5.101685
6,5.101685
6,5.101685
6,5.101685
3,5.101685
6,5.101685
6,6.0034337
6,6.0034337
6,6.0034337
6,6.0034337
7,6.0034337
7,6.0034337
6,6.0034337
5,6.0034337
7,6.0034337
7,6.0034337
6,6.0034337
7,6.0034337
6,6.0034337
7,6.0034337
5,4.9429369
6,4.9429369
6,4.8339257
4,4.8339257
6,5.2771168
6,5.2771168
6,5.2771168
7,5.2771168
7,5.2771168
5,5.2771168
7,5.2771168
6,5.2771168
6,5.2771168
6,5.2771168
7,5.2771168
5,5.2771168
3,5.2771168
5,5.2771168
3,5.2771168
6,5.6365709
5,5.6365709
6,5.6365709
6,5.6365709
6,5.6365709
6,5.6365709
6,5.6365709
6,5.6365709
7,5.6365709
6,5.6365709
6,5.6365709
7,5.6365709
6,5.6365709
6,4.5743546
6,4.5743546
6,4.5743546
6,4.5743546
6,4.5743546
3,4.5743546
4,4.5743546
6,4.5743546
6,4.5743546
6,4.5743546
6,4.5743546
6,4.5743546
7,4.5743546
6,4.5743546
4,4.5743546
6,4.9770808
3,4.9770808
6,4.9770808
5,4.9770808
4,4.9770808
6,4.9770808
6,4.9770808
5,4.9770808
5,4.9770808
6,4.9770808
6,4.9770808
6,4.9770808
4,4.9770808
4,4.9770808
6,4.9770808
7,5.8332043
7,5.8332043
4,5.8332043
6,4.1135569
5,4.313942
5,4.1135569
5,4.1135569
6,4.1135569
6,4.1135569
6,4.1135569
5,4.1135569
6,4.1135569
6,4.1135569
5,4.1135569
4,4.1135569
5,4.1135569
7,4.1135569
5,4.1135569
6,4.1135569
6,4.1135569
6,4.1135569
5,4.2277994
7,4.2277994
5,4.2277994
3,4.2277994
5,4.2277994
4,4.2277994
6,4.2277994
6,4.2277994
5,4.2277994
6,4.2277994
6,4.4281845
3,4.2277994
6,4.2277994
6,4.2277994
6,5.5980339
7,4.8463893
6,4.8463893
7,4.8463893
6,4.8463893
4,4.8463893
6,4.8463893
5,4.8463893
5,4.8463893
5,4.8463893
5,4.8463893
6,4.8463893
6,4.8463893
5,4.8463893
6,4.8463893
7,4.8463893
6,4.8463893
6,4.8463893
6,4.7715979
3,4.7715979
6,4.7715979
5,4.7715979
4,4.7715979
5,4.7715979
6,4.7715979
4,4.7715979
7,4.7715979
6,4.7715979
6,4.7715979
6,4.7715979
6,4.7715979
6,4.7715979
6,4.7715979
6,4.7715979
6,4.7715979
4,4.7715979
7,4.7715979
5,4.7021189
6,5.1072326
6,4.9993382
6,4.9993382
4,4.9993382
5,4.9993382
5,4.9993382
5,4.9993382
6,4.9993382
7,4.9993382
5,4.9993382
6,4.9993382
5,4.9993382
7,4.9993382
3,4.9993382
6,4.9357095
6,4.9357095
5,4.9357095
5,4.9357095
6,4.9357095
5,4.9357095
6,4.9357095
6,4.9357095
6,4.9357095
5,4.9357095
5,4.9357095
3,4.9357095
5,4.9357095
7,4.9357095
5,4.9357095
4,4.9357095
6,4.9357095
6,4.9357095
5,5.2396202
6,5.2396202
7,5.2396202
7,6.1779609
5,5.4743352
7,5.4743352
7,5.4743352
6,5.4743352
7,5.4743352
5,5.4743352
7,5.4743352
6,5.4743352
6,5.2739501
7,6.4693632
5,6.4693632
6,6.4693632
7,6.4693632
7,6.4693632
7,6.4693632
7,6.4693632
6,6.4693632
6,6.4693632
7,6.4693632
6,6.4693632
7,6.4693632
7,6.4693632
7,6.4693632
6,6.4693632
7,6.4693632
6,6.4693632
5,6.4693632
5,6.1859665
5,5.5506687
7,5.5506687
6,5.5506687
5,5.5506687
5,5.5506687
7,5.5506687
6,5.5506687
7,5.5506687
6,5.5506687
5,5.5506687
6,5.5506687
7,5.5506687
5,5.5506687
6,5.5506687
5,5.5506687
6,5.5506687
7,5.4807086
6,5.4807086
5,5.4807086
5,5.4807086
0,5.4807086
7,5.4807086
5,5.4807086
6,5.4807086
6,5.4807086
7,5.4807086
7,5.4807086
7,5.4807086
7,5.701817
6,6.109973
6,5.6471167
7,5.6471167
7,5.9110456
6,5.9110456
6,5.9110456
7,5.9110456
7,5.9110456
7,5.9110456
7,5.9110456
7,5.9110456
5,5.9110456
7,5.9110456
7,5.9110456
7,7.527144
6,7.527144
6,7.527144
7,7.527144
6,7.527144
6,7.527144
7,7.527144
5,7.527144
7,7.527144
7,7.527144
7,7.527144
7,7.527144
7,7.527144
7,7.527144
7,7.527144
6,7.527144
6,5.475503
5,5.2400489
7,5.2388792
7,5.7469277
5,4.5958586
7,4.9595494
7,4.6472206
5,4.8911347
6,5.0811114
7,5.7836132
6,5.7836132
7,7.4106441
6,6.0312924
6,5.6157665
4,6.4323082
7,6.4323082
7,6.4323082
6,4.9145474
6,5.3153181
5,5.3153181
6,4.8450575
4,4.8450575
6,4.8450575
4,4.5471582
7,4.7064047
7,4.7064047
6,4.7064047
6,4.7064047
4,4.7064047
7,4.8480706
5,4.8480706
7,4.8008909
6,4.7165709
6,4.7165709
6,4.7165709
5,4.2544036
6,4.2544036
6,4.4198442
5,5.9805264
6,5.9805264
7,4.9084649
6,4.8465085
6,6.5510659
7,6.4972706
5,4.244525
6,4.6994553
6,4.2591224
7,4.4460888
6,4.7381129
6,4.5344396
7,5.0161905
7,4.357717
7,4.357717
6,5.602663
6,4.5421662
7,4.5421662
6,4.8525872
6,4.9770808
6,3.9120021
7,5.3976483
6,4.5973983
7,4.5097599
6,4.9357095
5,4.9357095
6,4.8055687
7,5.776021
4,5.2739501
7,5.2739501
7,6.3601918
6,6.158637
6,6.2689781
7,5.8487473
6,6.1509705
6,6.1509705
7,6.1509705
6,5.0385895
7,5.7981458
6,4.5958586
7,5.0822811
7,7.4094744
7,7.4106441
7,5.6169362
7,5.3141484
7,5.1699033
7,4.7492733
6,4.7492733
7,4.5471582
7,4.8370485
7,4.8315558
7,4.8315558
6,5.9805264
4,5.5023804
4,5.5023804
5,4.5104947
5,4.4360518
7,4.9084649
5,4.8465085
5,4.4476309
6,4.4073896
7,7.965601
7,4.9690175
6,4.4460888
6,4.6070557
6,4.8729935
7,4.540997
6,4.638238
6,4.7989531
6,4.7089753
7,4.9357095
6,5.2972121
7,6.158637
7,6.2678084
7,6.1498013
7,6.1498013
6,5.5014319
6,7.1971097
6,5.9119349
7,7.3255892
