logFCS,logFCS_new
3.1780539,3.6268072
4.1820502,3.6268072
3.6635616,3.6268072
3.5409594,3.6268072
3.7841897,3.6268072
3.5263605,3.6268072
4.1666651,3.6268072
3.9512436,3.6268072
3.0445225,3.6268072
3.48124,3.6268072
3.2958369,3.6268072
4.2121277,3.6268072
3.9219732,3.6268072
3.6375861,3.6268072
3.7376697,3.6268072
3.3322046,3.6268072
3.4177268,3.7863233
3.9702919,3.7863233
3.624341,3.7863233
3.2188759,3.7863233
4.2195077,3.7863233
3.4657359,3.7863233
4.2195077,3.7863233
3.713572,3.7863233
4.2484951,3.7863233
3.2386785,3.7863233
3.5263605,3.7863233
4.4886365,3.8155429
3.4657359,3.7863233
3.7256935,3.7863233
3.9512436,3.7863233
3.1570003,3.7863233
3.5695326,3.7863233
4.2341065,3.683876
2.9704144,3.8385293
3.7954891,3.8385293
3.8918202,3.8385293
3.8394523,3.8385293
3.3141861,3.8385293
3.6763008,3.8385293
3.8394523,3.8385293
4.1588831,3.8385293
4.2626801,3.8385293
3.5695326,3.7268653
3.7612002,3.8385293
4.1743875,3.8385293
4.0943446,3.6702063
3.4965076,3.8385293
3.583519,3.8385293
3.5553482,3.6702063
3.7841897,3.6702063
4.2835865,3.6702063
4.1896548,3.6702063
4.0430512,3.6702063
3.6635616,3.6702063
3.6375861,3.6702063
3.8066626,3.6702063
3.5973122,3.6702063
3.9512436,3.6702063
3.8918202,3.6702063
4.0859761,3.6702063
3.4011974,3.6702063
3.9889841,3.6702063
4.1896548,3.6702063
3.3672957,3.6702063
3.6375861,3.6702063
4.3820267,3.6702063
4.1108737,3.6702063
3.3499041,3.6581805
3.7841897,3.6702063
3.8501475,3.6581805
3.6109178,3.7093034
4.0253515,3.6581805
3.6888795,3.6581805
3.6375861,3.6581805
3.9318256,3.6581805
3.9512436,3.6581805
3.4339871,3.6581805
3.2771447,3.6581805
3.0910425,3.6581805
4.0163832,3.6581805
3.583519,3.6581805
4.3438053,3.6702063
3.9120231,3.6702063
4.1108737,3.6702063
3.2771447,3.6702063
4.1271343,3.6702063
4.1743875,3.6702063
3.6635616,3.6702063
3.5263605,3.6702063
4.0604429,3.6702063
3.7612002,3.6702063
3.3322046,3.6702063
3.9415817,3.683876
3.9318256,3.683876
3.7013021,3.7234249
3.4499876,3.683876
3.6109178,3.683876
4.3438053,3.683876
3.5263605,3.683876
4.3107991,3.683876
3.7013021,3.683876
4.1108737,3.683876
3.6888795,3.6076443
3.9219732,3.683876
4.2766662,3.6995168
3.9120231,3.683876
4.2556129,3.683876
3.8177123,3.683876
3.5115454,3.683876
3.5263605,3.5827703
3.9318256,3.5827703
4.1743875,3.5827703
3.8607297,3.5827703
3.4499876,3.5827703
4.2766662,3.5827703
4.0342407,3.5827703
3.871201,3.5827703
3.8918202,3.6995168
4.2195077,3.5827703
3.9608133,3.5827703
3.9982007,3.5827703
3.8394523,3.5827703
3.7256935,3.5827703
3.8918202,3.8014758
3.8918202,3.5827703
3.9889841,3.5827703
3.9318256,3.5827703
4.2904596,3.7526846
3.7954891,3.7526846
3.9889841,3.7526846
3.8394523,3.683876
3.7841897,3.7526846
3.6888795,3.7526846
4.4543471,3.7526846
3.7376697,3.7526846
3.5115454,3.7526846
3.6375861,3.7526846
3.6375861,3.7526846
3.6888795,3.7526846
4.1271343,3.7526846
3.8177123,3.7526846
3.6375861,3.7526846
3.9019728,3.7526846
3.5115454,3.7526846
3.713572,3.7526846
3.5115454,3.7526846
3.6375861,3.7526846
4.3241324,3.7526846
3.1780539,3.7316077
3.8501475,3.7316077
3.4011974,3.7316077
3.5115454,3.6076443
3.3843904,3.7316077
3.0204248,3.7316077
3.6109178,3.7316077
3.3499041,3.6995168
3.1354942,3.6995168
2.6390574,3.683876
3.8918202,3.6995168
3.4657359,3.7863233
4.3694477,3.6995168
3.871201,3.6995168
4.1588831,3.6995168
3.5553482,3.6995168
3.4177268,3.7526846
3.2580965,3.6995168
3.6375861,3.6995168
3.198673,3.6995168
2.4849067,3.6995168
3.3843904,3.6995168
3.5973122,3.6995168
3.6109178,3.6995168
3.6109178,3.7526846
3.9512436,3.683876
3.3322046,3.6995168
3.5409594,3.6995168
4.1271343,3.683876
3.4339871,3.6995168
3.1354942,3.6995168
3.3322046,3.6995168
3.1780539,3.6995168
3.583519,3.6995168
3.8066626,3.6995168
3.713572,3.6658618
3.6888795,3.6995168
3.5263605,3.6995168
3.1780539,3.6995168
3.0910425,3.6995168
3.1354942,3.6995168
3.0445225,3.6995168
3.583519,3.683876
3.48124,3.6995168
3.6109178,3.7234249
3.6635616,3.7234249
3.4011974,3.7234249
3.8066626,3.7234249
3.6375861,3.7234249
3.3672957,3.7234249
3.7727609,3.7234249
3.4499876,3.7234249
3.4499876,3.8014758
4.1271343,3.6076443
3.4011974,3.7234249
3.6635616,3.7234249
3.8607297,3.7234249
3.8918202,3.7234249
3.2958369,3.7234249
3.3322046,3.7513492
3.4177268,3.7234249
3.198673,3.7234249
3.6375861,3.7127054
3.4339871,3.7234249
3.6888795,3.6076443
3.4657359,3.7234249
3.624341,3.7234249
3.7841897,3.7234249
4.0073333,3.7234249
4.0430512,3.7234249
4.1588831,3.7234249
3.4011974,3.7234249
3.5973122,3.7234249
3.4965076,3.7234249
4.1271343,3.576719
4.0943446,3.7267294
3.2386785,3.7234249
3.6888795,3.6995168
4.0163832,3.7234249
4.0604429,3.7234249
3.6375861,3.7015412
4.59512,3.7234249
4.0943446,3.7526846
4.5325994,3.7268653
4.2046928,3.6995168
4.356709,3.6995168
4.2766662,3.6076443
4.5432949,3.645206
3.7013021,3.7526846
4.5643482,3.6143496
4.1743875,3.7093034
2.3978953,3.7733941
3.4965076,3.6995168
3.6635616,3.6076443
3.8066626,3.7234249
4.0690269,3.7015412
3.4499876,3.7015412
3.5263605,3.7015412
4.2195077,3.7015412
3.5263605,3.7015412
3.4657359,3.7015412
3.3672957,3.7015412
3.6888795,3.7015412
3.3843904,3.7015412
3.8177123,3.7015412
3.6375861,3.7015412
3.48124,3.7015412
3.6109178,3.7015412
3.6375861,3.7015412
3.1354942,3.6863875
3.9318256,3.6863875
3.4339871,3.6863875
3.7256935,3.6863875
3.871201,3.6863875
3.871201,3.6863875
4.0943446,3.6863875
3.9796817,3.6863875
3.4177268,3.7015412
3.0445225,3.6863875
3.9318256,3.6863875
3.1570003,3.6863875
3.3843904,3.6863875
3.7727609,3.6863875
3.0445225,3.7010531
3.9982007,3.4254384
3.624341,3.7015412
3.5263605,3.7015412
3.3672957,3.7015412
3.9796817,3.7015412
3.2188759,3.7015412
3.2771447,3.7015412
3.4011974,3.7015412
3.3141861,3.7015412
3.9982007,3.7015412
4.0943446,3.7015412
4.0775375,3.7015412
4.2341065,3.7015412
3.3322046,3.7015412
3.4965076,3.7015412
3.4011974,3.7015412
4.0775375,3.7015412
3.0445225,3.7015412
3.7612002,3.7771676
3.8394523,3.6995168
3.7727609,3.7771676
3.4965076,3.7771676
3.583519,3.7771676
4.1026435,3.5373545
4.5643482,3.7771676
3.4339871,3.7771676
3.9512436,3.7771676
4.0253515,3.7771676
3.8177123,3.7771676
3.871201,3.7771676
3.7013021,3.7771676
4.3820267,3.7771676
4.5379615,3.7771676
3.8066626,3.7771676
4.2556129,3.7771676
3.8501475,3.7771676
3.4657359,3.7771676
4.0073333,3.7771676
3.9415817,3.7771676
4.1896548,3.7771676
4.0073333,3.7771676
3.2188759,3.7771676
4.1108737,3.7127054
3.9120231,3.7771676
3.7954891,3.7771676
4.2556129,3.7771676
3.9019728,3.7771676
3.8066626,3.7771676
3.8286414,3.7771676
3.8815639,3.7771676
3.8066626,3.7089622
3.9120231,3.7089622
3.6109178,3.7089622
3.5695326,3.7089622
3.6635616,3.7089622
4.3944492,3.7089622
3.9120231,3.7089622
3.871201,3.7089622
4.1431346,3.7089622
3.4011974,3.7089622
3.9318256,3.7089622
3.9318256,3.7089622
3.9120231,3.7089622
3.6888795,3.7089622
3.7727609,3.7089622
3.4011974,3.7089622
4.2341065,3.7089622
3.6109178,3.7089622
3.583519,3.7089622
3.8501475,3.7268653
3.8177123,3.7268653
4.1271343,3.7853799
3.8066626,3.7607071
3.7727609,3.7268653
4.3820267,3.7268653
3.8066626,3.7268653
4.0604429,3.7653272
3.9702919,3.747988
4.051785,3.7268653
4.1820502,3.7268653
3.9019728,3.7268653
4.3307333,3.7268653
3.5263605,3.7268653
4.4773369,3.7268653
3.3672957,3.7268653
3.9702919,3.7268653
3.8607297,3.7268653
4.2696977,3.7127054
3.871201,3.7513492
4.1431346,3.7268653
3.5553482,3.7268653
3.6375861,3.7268653
4.1510401,3.7853799
3.8066626,3.7653272
3.6506581,3.7853799
3.4965076,3.7853799
3.9019728,3.7853799
3.2188759,3.7853799
3.624341,3.7853799
3.9982007,3.7853799
3.5115454,3.7853799
3.4965076,3.7853799
3.3499041,3.7853799
3.871201,3.7853799
4.1588831,3.7853799
3.8918202,3.7853799
4.4308167,3.7853799
3.6109178,3.7513492
3.7612002,3.7513492
3.583519,3.7513492
3.7841897,3.7513492
3.6888795,3.7513492
3.48124,3.7513492
3.6635616,3.7513492
3.7013021,3.7513492
4.3438053,3.7089622
3.2580965,3.7513492
3.8286414,3.7513492
3.7495041,3.8456037
3.3141861,3.8456037
3.5409594,3.8456037
3.583519,3.8456037
3.7495041,3.8456037
4.2626801,3.8456037
3.624341,3.8456037
4.2835865,3.8456037
4.0775375,3.8456037
3.3141861,3.8456037
3.6109178,3.8456037
3.4499876,3.8456037
3.4657359,3.8456037
4.5747108,3.6143496
4.0430512,3.6143496
4.2904596,3.6143496
3.4657359,3.7526846
4.1190372,3.6143496
4.2766662,3.6143496
4.0604429,3.6143496
4.3438053,3.6143496
4.4426513,3.6143496
4.5217886,3.7127054
3.871201,3.7108121
4.4886365,3.683876
3.871201,3.4254384
4.0604429,3.7127054
4.0253515,3.7127054
3.8286414,3.7127054
3.4965076,3.7127054
3.3672957,3.7853799
3.7841897,3.7127054
3.6109178,3.7127054
4.5325994,3.6143496
3.6375861,3.7127054
3.871201,3.7127054
4.0253515,3.7127054
3.624341,3.7127054
3.6375861,3.7127054
4.1743875,3.7127054
3.7376697,3.6742821
3.8918202,3.6742821
4.2484951,3.6742821
3.7612002,3.6742821
3.5263605,3.6742821
3.6635616,3.6742821
3.7256935,3.6742821
4.0163832,3.6742821
3.9982007,3.6742821
3.9415817,3.6742821
3.5409594,3.6742821
3.8607297,3.6742821
3.4965076,3.6742821
3.3843904,3.6742821
3.9019728,3.6742821
4.1026435,3.6742821
3.8918202,3.6742821
3.8501475,3.6742821
3.8394523,3.6742821
3.6506581,3.6742821
3.3322046,3.6742821
3.7376697,3.6742821
3.7376697,3.6742821
3.7376697,3.6742821
3.3322046,3.6742821
3.5115454,3.814801
3.8501475,3.6742821
3.6888795,3.6742821
4.0604429,3.6742821
3.583519,3.6742821
3.6109178,3.6742821
3.4965076,3.6742821
3.7376697,3.7082045
3.7841897,3.7082045
3.4499876,3.7082045
4.1108737,3.7082045
3.713572,3.7082045
3.4339871,3.7082045
3.4965076,3.7082045
3.3843904,3.7082045
3.7841897,3.7082045
3.6763008,3.7082045
3.0445225,3.6742821
3.9219732,3.814801
3.7841897,3.7082045
3.4965076,3.7082045
3.7612002,3.814801
3.8501475,3.7082045
3.1354942,3.814801
3.6375861,3.814801
3.3322046,3.814801
4.4426513,3.6742821
3.9120231,3.814801
3.4177268,3.814801
4.0430512,3.814801
4.0604429,3.814801
3.8066626,3.7889488
3.3672957,3.814801
3.3672957,3.814801
3.6506581,3.814801
3.7013021,3.814801
3.5263605,3.814801
4.1820502,3.814801
3.7954891,3.814801
3.6635616,3.814801
3.9318256,3.814801
3.5263605,3.814801
3.9796817,3.814801
3.9608133,3.814801
4.1431346,3.6965258
4.0430512,3.814801
3.8394523,3.814801
3.8501475,3.814801
3.7256935,3.814801
4.2626801,3.814801
4.1743875,3.814801
3.6109178,3.814801
3.5409594,3.814801
4.1743875,3.814801
4.0604429,3.814801
3.9019728,3.814801
4.7004805,3.814801
4.1743875,3.6965258
4.1108737,3.8452857
4.4067192,3.8452857
3.1570003,3.8452857
3.9702919,3.8452857
3.7954891,3.8452857
3.8501475,3.8452857
3.9702919,3.8452857
4.1271343,3.8452857
4.3307333,3.8452857
3.7256935,3.8452857
3.3843904,3.8452857
3.5263605,3.8452857
3.713572,3.8452857
3.7256935,3.8452857
3.2958369,3.8452857
3.5409594,3.8452857
3.6635616,3.8452857
3.3672957,3.8452857
3.8286414,3.8452857
3.8394523,3.6846943
3.9889841,3.6846943
4.0604429,3.6732135
4.1431346,3.7122169
3.9318256,3.7221315
3.4965076,3.6846943
4.4067192,3.6846943
4.4773369,3.6846943
3.6888795,3.6875477
4.0253515,3.6846943
3.713572,3.6365795
4.1588831,3.6846943
3.7727609,3.8456628
3.7612002,3.8456628
4.3694477,3.8456628
3.5695326,3.8456628
3.7841897,3.8456628
3.9702919,3.8456628
3.3141861,3.8456628
3.4011974,3.6875477
3.6375861,3.8456628
3.8918202,3.8456628
3.9608133,3.8456628
3.6109178,3.8456628
3.3322046,3.6875477
4.0604429,3.6875477
3.1354942,3.6875477
3.4177268,3.6875477
4.3438053,3.6875477
4.4773369,3.6875477
3.6635616,3.7156587
3.2771447,3.6875477
3.48124,3.6875477
3.6888795,3.6875477
4.2972856,3.6875477
3.8177123,3.6875477
3.5115454,3.6875477
3.4011974,3.6875477
3.7256935,3.6875477
3.8607297,3.6875477
3.7954891,3.6875477
4.1896548,3.6875477
3.713572,3.6875477
3.2188759,3.6875477
3.5263605,3.6875477
3.5695326,3.6875477
3.9318256,3.6875477
3.7612002,3.6875477
3.4657359,3.6875477
3.8394523,3.6875477
3.871201,3.6875477
2.8332133,3.6875477
3.5115454,3.6875477
4.3307333,3.7156587
3.6109178,3.7156587
4.3944492,3.7156587
3.9019728,3.7156587
4.4308167,3.7156587
3.9512436,3.7156587
3.7013021,3.7156587
4.3438053,3.7156587
3.9512436,3.7156587
2.9444389,3.7156587
3.9889841,3.7156587
4.0073333,3.7156587
2.9957323,3.7156587
4.0073333,3.7156587
3.8501475,3.7156587
3.7841897,3.7156587
4.2195077,3.7156587
3.8286414,3.6875477
3.5115454,3.6875477
4.2341065,3.6875477
3.6506581,3.6875477
4.7184987,3.6875477
3.8501475,3.6875477
4.6443911,3.6875477
3.7841897,3.6875477
4.2766662,3.6875477
3.7954891,3.6875477
3.871201,3.6875477
3.871201,3.6875477
3.6635616,3.6875477
4.3107991,3.740356
4.051785,3.6875477
3.8918202,3.6875477
3.8286414,3.6875477
4.6728287,3.7276218
4.4426513,3.6875477
4.0073333,3.6875477
3.7495041,3.6875477
4.2766662,3.6875477
4.5643482,3.6742821
4.3820267,3.6875477
3.7495041,3.7157757
4.2046928,3.7157757
4.2195077,3.7157757
4.2766662,3.7157757
3.9120231,3.6875477
3.9120231,3.7889488
3.6888795,3.7157757
3.3322046,3.7157757
4.1743875,3.6875477
4.6347289,3.7157757
3.871201,3.7157757
4.1588831,3.6742821
4.0253515,3.7157757
3.8918202,3.7157757
3.5263605,3.6875477
2.74084,3.6875477
3.9796817,3.6875477
4.0775375,3.6875477
3.8066626,3.6875477
4.1743875,3.6875477
4.1743875,3.6875477
3.7376697,3.6875477
3.4339871,3.6875477
3.9512436,3.6875477
4.3820267,3.6875477
3.583519,3.6875477
3.5263605,3.8222604
3.4965076,3.6875477
3.5695326,3.6875477
3.6888795,3.8452857
4.0073333,3.6875477
3.7612002,3.6875477
3.6888795,3.6875477
4.2484951,3.6875477
3.6109178,3.6875477
3.6635616,3.6875477
3.8501475,3.6875477
3.8286414,3.6875477
3.4657359,3.7129459
3.8066626,3.6875477
3.4339871,3.6875477
3.6109178,3.6875477
3.583519,3.6875477
3.3843904,3.6875477
3.6888795,3.6875477
3.0445225,3.7284687
3.6109178,3.6875477
3.6635616,3.6875477
3.3322046,3.6965258
4.3372908,3.6965258
4.0253515,3.6965258
4.5272088,3.6965258
4.1972017,3.8452857
3.9512436,3.6965258
3.9219732,3.6965258
3.3672957,3.6965258
3.8501475,3.6965258
4.1351666,3.6965258
4.1896548,3.6965258
4.0073333,3.6965258
3.9796817,3.6875477
3.8286414,3.740356
4.1588831,3.6965258
4.356709,3.6965258
3.7495041,3.7276218
3.7376697,3.697022
3.8177123,3.697022
3.5973122,3.697022
3.624341,3.697022
3.9702919,3.697022
4.1431346,3.697022
4.1431346,3.697022
3.9702919,3.697022
3.6375861,3.697022
3.5263605,3.6875584
3.9219732,3.697022
4.2904596,3.697022
3.3672957,3.697022
3.6635616,3.697022
3.6888795,3.697022
4.2341065,3.697022
3.48124,3.697022
4.3694477,3.697022
3.6375861,3.697022
3.7612002,3.697022
3.583519,3.697022
3.9019728,3.697022
3.9219732,3.697022
3.4965076,3.697022
3.9702919,3.697022
3.4011974,3.697022
4.1743875,3.6965258
3.9702919,3.697022
3.8394523,3.697022
3.9889841,3.697022
3.0910425,3.697022
3.8501475,3.697022
3.9415817,3.697022
3.7376697,3.697022
4.0342407,3.697022
3.8918202,3.697022
3.7495041,3.697022
4.1431346,3.697022
4.0943446,3.697022
3.624341,3.697022
3.8394523,3.697022
3.4965076,3.697022
3.8607297,3.697022
3.8918202,3.697022
3.7954891,3.697022
3.5409594,3.697022
4.0775375,3.697022
3.8394523,3.697022
3.3672957,3.697022
3.713572,3.697022
4.1351666,3.697022
3.9512436,3.697022
3.8815639,3.697022
3.5973122,3.697022
4.1431346,3.697022
4.3820267,3.697022
3.8918202,3.697022
3.9608133,3.6875584
3.7612002,3.697022
4.4188404,3.697022
3.48124,3.697022
3.9889841,3.697022
3.4657359,3.7896171
4.1743875,3.7896171
3.2958369,3.7896171
3.8815639,3.7896171
3.624341,3.7896171
4.0253515,3.7896171
3.9120231,3.6965258
3.7376697,3.7896171
3.6506581,3.7896171
3.6506581,3.7896171
4.0163832,3.7896171
3.6375861,3.7896171
3.4657359,3.7896171
4.2195077,3.7896171
3.4965076,3.7896171
3.6635616,3.7896171
3.3141861,3.7896171
3.8066626,3.7896171
3.4339871,3.7896171
3.8394523,3.6988299
3.9512436,3.7896171
3.7013021,3.7896171
4.1510401,3.7896171
4.2626801,3.7896171
4.5217886,3.7896171
3.4177268,3.7896171
3.7727609,3.7896171
4.1820502,3.6965258
4.4308167,3.7896171
4.1510401,3.7896171
3.9019728,3.7896171
3.8918202,3.7896171
3.6375861,3.7307827
4.2626801,3.7307827
3.6375861,3.7307827
3.5973122,3.7307827
3.3322046,3.7418294
3.198673,3.7307827
3.0445225,3.7307827
3.4339871,3.7307827
3.5409594,3.8222604
3.1354942,3.7307827
3.7376697,3.7307827
3.6375861,3.7276218
3.5409594,3.7276218
3.7612002,3.7276218
3.3843904,3.7276218
3.7376697,3.7276218
4.1588831,3.7276218
3.8066626,3.7276218
3.713572,3.6742821
3.9608133,3.7276218
3.3322046,3.7276218
3.7841897,3.7276218
3.5115454,3.7276218
3.6375861,3.7276218
3.8918202,3.7276218
3.5115454,3.7276218
3.3499041,3.7276218
3.4965076,3.7276218
3.8501475,3.7276218
3.5409594,3.7276218
3.6888795,3.7276218
3.0910425,3.7276218
4.0430512,3.7276218
3.4657359,3.7276218
3.9512436,3.7276218
3.7727609,3.7276218
3.0910425,3.7276218
3.48124,3.7276218
3.2958369,3.7276218
3.6375861,3.7276218
3.7612002,3.7276218
3.5263605,3.7276218
3.5553482,3.7276218
4.4426513,3.7276218
3.713572,3.7276218
3.5263605,3.7276218
3.3499041,3.7276218
4.3174882,3.7276218
3.6109178,3.7276218
3.583519,3.7276218
3.7612002,3.7276218
3.7841897,3.7276218
4.1431346,3.7276218
4.3438053,3.7276218
3.583519,3.7276218
4.3307333,3.7276218
3.8501475,3.7889488
4.1588831,3.7276218
3.9889841,3.7276218
4.0253515,3.697022
4.2195077,3.7276218
3.583519,3.7276218
4.0253515,3.7276218
3.6888795,3.7276218
4.1190372,3.7276218
3.4965076,3.7276218
3.4177268,3.7276218
3.6375861,3.7276218
4.0253515,3.7276218
3.48124,3.7276218
3.2958369,3.7276218
3.2958369,3.7276218
3.7256935,3.7276218
3.7727609,3.7276218
3.7841897,3.7276218
4.1666651,3.7276218
3.6635616,3.6965258
3.7376697,3.7276218
4.2696977,3.7276218
3.5695326,3.6732135
3.5263605,3.6875584
3.5115454,3.6732135
3.1354942,3.6732135
3.4339871,3.6732135
3.7495041,3.6732135
3.0445225,3.6732135
3.198673,3.6732135
3.4965076,3.6732135
3.4965076,3.6732135
3.5553482,3.6732135
3.6888795,3.6732135
3.583519,3.6732135
3.871201,3.6732135
3.4177268,3.6732135
3.624341,3.714972
3.2580965,3.6732135
3.4499876,3.6732135
3.5409594,3.6732135
4.2696977,3.6365795
3.3322046,3.6365795
3.7954891,3.6365795
3.4657359,3.6365795
3.5695326,3.6365795
3.7256935,3.6365795
3.6109178,3.6365795
2.9444389,3.6365795
3.5973122,3.6365795
3.1354942,3.6365795
4.0430512,3.6365795
3.5553482,3.6365795
3.3843904,3.6365795
3.9120231,3.6365795
3.198673,3.6365795
3.7376697,3.6365795
3.6763008,3.6365795
3.6763008,3.6365795
3.2958369,3.6365795
3.7013021,3.6365795
3.0445225,3.6365795
4.0775375,3.6365795
3.8066626,3.6365795
3.6109178,3.6365795
3.6763008,3.6365795
3.7495041,3.6365795
3.2188759,3.6365795
3.1570003,3.6365795
3.5695326,3.6365795
3.6506581,3.6365795
3.6888795,3.6365795
4.1431346,3.6365795
3.2958369,3.6365795
3.5115454,3.714972
3.4657359,3.714972
3.4965076,3.714972
3.4965076,3.714972
3.4657359,3.714972
3.7013021,3.714972
3.0445225,3.714972
3.5553482,3.714972
2.8033605,3.714972
3.7612002,3.714972
3.1135154,3.714972
3.0445225,3.714972
3.2580965,3.6365795
3.4499876,3.6365795
3.4339871,3.6365795
3.3843904,3.6365795
3.4339871,3.6365795
3.8607297,3.6365795
4.0253515,3.6365795
3.8177123,3.6365795
3.713572,3.6365795
4.0342407,3.6365795
3.2188759,3.6365795
3.6375861,3.6365795
3.7495041,3.6365795
3.4499876,3.6365795
3.5553482,3.6365795
4.1820502,3.6365795
3.4657359,3.6365795
3.4499876,3.6365795
3.9219732,3.6365795
3.2771447,3.6365795
3.7013021,3.714972
3.8918202,3.714972
4.1743875,3.714972
3.9702919,3.740356
4.1108737,3.740356
3.9120231,3.740356
4.5325994,3.740356
4.5747108,3.740356
3.6635616,3.740356
4.2904596,3.740356
4.5325994,3.740356
3.9702919,3.740356
4.1108737,3.697022
4.2121277,3.740356
3.9702919,3.7530553
4.1743875,3.740356
4.1108737,3.7276218
3.6375861,3.740356
4.4308167,3.7173469
2.8033605,3.740356
3.713572,3.740356
3.713572,3.7122169
4.2904596,3.740356
4.1108737,3.740356
4.3694477,3.740356
4.7184987,3.740356
4.4659081,3.7276218
4.0430512,3.714972
3.8286414,3.740356
4.4773369,3.740356
3.6375861,3.740356
3.871201,3.7896171
4.3438053,3.740356
3.6888795,3.740356
4.0253515,3.740356
3.6888795,3.740356
4.6347289,3.740356
4.2484951,3.740356
4.5432949,3.740356
4.5217886,3.740356
4.1271343,3.740356
4.1972017,3.5969141
3.9512436,3.740356
4.4998097,3.740356
3.9702919,3.740356
4.6051702,3.740356
4.2484951,3.740356
4.7004805,3.740356
4.2766662,3.740356
4.2046928,3.740356
4.5217886,3.740356
4.3694477,3.740356
3.9318256,3.740356
3.7256935,3.740356
4.5538769,3.6863537
4.1743875,3.740356
4.4426513,3.6875477
3.3322046,3.7276218
4.1431346,3.7276218
4.5108595,3.7276218
3.8918202,3.7276218
4.1431346,3.7276218
3.9702919,3.7276218
4.4308167,3.7276218
3.9889841,3.7276218
4.5747108,3.7276218
3.9512436,3.7276218
3.871201,3.7276218
4.1431346,3.7276218
4.4308167,3.7276218
4.0775375,3.740356
4.6443911,3.7276218
3.6506581,3.7276218
4.5325994,3.740356
4.3944492,3.740356
3.6375861,3.740356
3.713572,3.7276218
3.9512436,3.740356
4.3944492,3.740356
4.4659081,3.740356
3.4339871,3.740356
4.4543471,3.8222604
4.6347289,3.740356
4.0342407,3.740356
3.8501475,3.740356
4.6821313,3.740356
3.4965076,3.740356
3.9702919,3.740356
4.0430512,3.740356
3.6888795,3.740356
4.3820267,3.740356
4.4308167,3.740356
4.3174882,3.740356
3.6109178,3.740356
3.5115454,3.740356
3.7612002,3.740356
4.2972856,3.740356
3.9318256,3.740356
3.8177123,3.740356
3.8607297,3.740356
4.2904596,3.740356
3.9415817,3.740356
4.2046928,3.740356
4.6347289,3.740356
4.5747108,3.7727385
4.6347289,3.740356
4.4308167,3.740356
4.7184987,3.740356
3.9702919,3.7276218
4.5432949,3.740356
4.5432949,3.740356
4.6051702,3.6365795
4.3820267,3.740356
4.5108595,3.740356
4.4543471,3.740356
4.5849676,3.740356
4.5643482,3.740356
3.8501475,3.740356
3.871201,3.740356
3.9889841,3.8456628
3.7841897,3.740356
4.4067192,3.740356
4.1190372,3.7681251
4.0604429,3.740356
3.8918202,3.740356
4.1743875,3.740356
4.0073333,3.740356
3.5409594,3.740356
3.6375861,3.740356
3.4965076,3.740356
4.0073333,3.740356
4.051785,3.740356
3.6109178,3.6365795
3.4499876,3.740356
3.9889841,3.8273134
4.1431346,3.740356
3.713572,3.740356
4.2046928,3.740356
4.2626801,3.72333
4.4998097,3.740356
3.8501475,3.740356
4.3307333,3.8554184
4.5217886,3.7276218
3.4965076,3.7276218
3.8286414,3.7276218
3.7727609,3.7276218
4.1896548,3.7276218
3.9702919,3.7276218
4.1271343,3.7276218
3.871201,3.7276218
3.583519,3.7276218
3.7376697,3.7276218
3.9318256,3.7276218
3.6763008,3.7276218
4.3307333,3.7276218
3.871201,3.7276218
3.7256935,3.7276218
4.0604429,3.7276218
3.5695326,3.7129459
4.0690269,3.7129459
3.5553482,3.6875584
4.1190372,3.7129459
3.871201,3.7445347
3.6375861,3.7129459
3.6109178,3.7129459
3.8607297,3.7173469
3.1780539,3.7173469
3.2958369,3.7173469
4.1666651,3.7173469
3.198673,3.7173469
3.8607297,3.6875584
3.9318256,3.7173469
3.8286414,3.7173469
3.7013021,3.7173469
3.9889841,3.7173469
3.2580965,3.7173469
3.4011974,3.7173469
3.583519,3.7173469
3.1780539,3.7173469
3.9120231,3.7418294
3.624341,3.7173469
3.1135154,3.7173469
3.4965076,3.7173469
3.9982007,3.6875584
3.8177123,3.6875584
3.9702919,3.6875584
3.713572,3.6875584
3.3322046,3.6875584
4.1108737,3.6875584
3.4177268,3.6875584
4.0253515,3.6875584
3.3141861,3.6875584
3.5263605,3.6875584
3.2958369,3.6875584
3.7376697,3.6875584
3.2958369,3.6875584
3.6109178,3.6875584
3.5553482,3.6875584
3.8607297,3.6875584
3.5409594,3.6875584
3.9120231,3.7129459
4.3174882,3.6875584
4.2341065,3.6875584
4.2195077,3.6875584
3.4657359,3.6875584
4.0073333,3.6875584
4.1972017,3.6875584
3.2580965,3.6875584
3.7376697,3.6875584
4.1271343,3.6875584
3.713572,3.6875584
2.8332133,3.6875584
3.6888795,3.6875477
3.8815639,3.6875584
3.6888795,3.6875584
3.9415817,3.6875584
3.7376697,3.6875584
3.0910425,3.6875584
3.7256935,3.6875584
3.8066626,3.6875584
3.4499876,3.7129459
3.8177123,3.7129459
4.1108737,3.7129459
3.713572,3.7129459
3.8394523,3.7129459
3.7612002,3.7129459
4.1896548,3.7129459
3.2386785,3.7129459
3.9318256,3.7129459
3.48124,3.7129459
3.9318256,3.7129459
3.6888795,3.7129459
3.9219732,3.7129459
3.7256935,3.7129459
3.068053,3.7129459
4.0073333,3.7129459
4.1896548,3.7129459
3.583519,3.7129459
3.7841897,3.7129459
3.624341,3.7129459
3.9889841,3.72333
4.1431346,3.72333
3.1570003,3.72333
3.4011974,3.72333
3.4499876,3.7156587
4.0690269,3.72333
3.8501475,3.72333
3.6635616,3.72333
3.9120231,3.72333
3.9415817,3.72333
3.48124,3.72333
3.8815639,3.72333
4.0690269,3.72333
3.9120231,3.72333
3.9219732,3.72333
3.7612002,3.72333
3.7841897,3.7630298
3.48124,3.72333
3.5553482,3.72333
3.6109178,3.5244212
3.713572,3.5244212
3.8177123,3.5244212
3.7495041,3.5244212
3.2580965,3.5244212
3.5973122,3.5244212
3.7376697,3.5244212
4.0604429,3.5244212
3.6635616,3.5244212
3.8815639,3.5244212
3.5263605,3.5244212
3.583519,3.5244212
4.051785,3.5244212
3.7954891,3.5244212
3.583519,3.5244212
4.0253515,3.5244212
3.4657359,3.5244212
3.5409594,3.7630298
4.0073333,3.7630298
3.9318256,3.7630298
4.1588831,3.7630298
4.1108737,3.72333
3.7495041,3.72333
4.1026435,3.72333
3.871201,3.72333
3.9120231,3.72333
4.1896548,3.7129459
4.5108595,3.7157757
3.5553482,3.72333
3.9120231,3.72333
3.6506581,3.72333
4.2046928,3.72333
3.6635616,3.72333
4.4773369,3.7630298
3.9318256,3.714972
4.1351666,3.72333
4.2484951,3.7276218
3.9512436,3.7727385
4.4067192,3.7818274
4.4308167,3.7602787
3.9019728,3.7602787
4.2046928,3.7602787
4.1820502,3.7602787
3.9019728,3.7602787
3.6506581,3.7602787
4.4426513,3.7602787
3.9415817,3.7602787
4.0073333,3.7602787
4.051785,3.7818274
3.8177123,3.7602787
4.0342407,3.7602787
4.1351666,3.7602787
4.0690269,3.7602787
4.1271343,3.7602787
3.3843904,3.7602787
3.9512436,3.7069259
4.4308167,3.7069259
4.0775375,3.7069259
4.3820267,3.7069259
3.5695326,3.7069259
4.6347289,3.7122169
4.6634393,3.7069259
3.5973122,3.7069259
3.7954891,3.7069259
3.6888795,3.7122169
4.2972856,3.7069259
4.0859761,3.7069259
3.7256935,3.7069259
4.0859761,3.7069259
3.7495041,3.7069259
3.8394523,3.7069259
3.8918202,3.7069259
4.2121277,3.7069259
4.1588831,3.7069259
3.5115454,3.7284687
3.3322046,3.7284687
3.5695326,3.7284687
3.3843904,3.7284687
3.9219732,3.7284687
3.4657359,3.7727385
4.3040652,3.7284687
4.1190372,3.7284687
3.9120231,3.7284687
3.8815639,3.714972
3.7954891,3.7122169
3.6506581,3.7284687
3.8918202,3.7284687
3.2188759,3.7284687
3.9512436,3.7284687
4.0775375,3.7284687
3.6375861,3.7284687
4.0430512,3.7284687
4.1190372,3.7284687
4.0073333,3.7284687
3.624341,3.7284687
3.8286414,3.7284687
3.6506581,3.7284687
3.8286414,3.7284687
4.1351666,3.7284687
3.8501475,3.7284687
4.0253515,3.7284687
4.1108737,3.7284687
3.5695326,3.7276218
3.3322046,3.7284687
4.0943446,3.7284687
4.0775375,3.7604847
3.8286414,3.7284687
3.9120231,3.7284687
3.6375861,3.7530553
4.388257,3.7530553
4.051785,3.7530553
3.9702919,3.7530553
3.9889841,3.7530553
4.2341065,3.7530553
3.8918202,3.7530553
3.48124,3.7530553
4.0943446,3.7530553
3.9608133,3.7530553
4.4543471,3.7530553
4.3040652,3.7530553
3.6888795,3.740356
3.6635616,3.7727385
3.8286414,3.7530553
3.3499041,3.7530553
4.4426513,3.7530553
3.9120231,3.7530553
3.2386785,3.7530553
3.6109178,3.7530553
4.2696977,3.7284687
4.1431346,3.7284687
3.7013021,3.7284687
3.7727609,3.7284687
3.7612002,3.7284687
3.7841897,3.7284687
3.5695326,3.7284687
3.2580965,3.7284687
3.9019728,3.7122169
3.9019728,3.7784827
3.8286414,3.7784827
3.5263605,3.7784827
3.8394523,3.7784827
3.624341,3.7784827
4.3040652,3.7784827
3.7612002,3.7784827
3.6375861,3.7784827
3.6375861,3.7784827
3.6763008,3.7784827
3.9608133,3.7784827
3.7727609,3.7784827
3.583519,3.7784827
3.7013021,3.7784827
3.2958369,3.7784827
3.9318256,3.7784827
3.7954891,3.7784827
3.6109178,3.7784827
4.1351666,3.7784827
4.6151204,3.7530553
3.9702919,3.7784827
3.5973122,3.7784827
3.6375861,3.7784827
3.8607297,3.7784827
4.5747108,3.7784827
3.713572,3.7784827
3.6763008,3.7122169
3.7954891,3.7784827
3.871201,3.7784827
3.7256935,3.7276218
4.6051702,3.7122169
4.1108737,3.7784827
4.1820502,3.7784827
3.9702919,3.7784827
3.7256935,3.411453
3.8286414,3.411453
3.6888795,3.411453
3.8501475,3.411453
3.713572,3.411453
3.4965076,3.411453
3.7495041,3.411453
4.0253515,3.411453
4.2413268,3.411453
3.5973122,3.411453
3.5409594,3.411453
3.6109178,3.411453
3.6375861,3.411453
3.7495041,3.411453
3.6635616,3.411453
3.7495041,3.411453
4.6051702,3.7418294
3.9318256,3.7284687
4.3307333,3.7418294
3.9889841,3.7418294
4.3040652,3.7418294
3.2188759,3.7418294
3.4011974,3.7418294
3.4499876,3.7418294
3.9219732,3.7418294
3.6109178,3.7418294
3.624341,3.7418294
3.9318256,3.5244212
3.8607297,3.7418294
3.9120231,3.7418294
3.2958369,3.7418294
4.4773369,3.7418294
3.5973122,3.7418294
3.3672957,3.7418294
3.8815639,3.7418294
4.1896548,3.8273134
3.9219732,3.8554184
3.6506581,3.8554184
3.5115454,3.8554184
3.5695326,3.8554184
3.6888795,3.8554184
3.6888795,3.72333
3.7954891,3.8554184
3.7727609,3.8554184
3.583519,3.8554184
4.051785,3.8554184
3.9019728,3.8554184
3.2188759,3.8554184
3.871201,3.8554184
4.0775375,3.8554184
3.48124,3.8554184
3.6375861,3.8554184
3.5695326,3.8554184
3.8394523,3.6988299
3.9702919,3.6988299
2.8332133,3.7173469
3.5115454,3.6988299
3.3672957,3.7129459
3.4011974,3.6988299
3.0445225,3.6988299
4.1271343,3.7173469
3.3322046,3.6988299
3.6506581,3.6988299
3.9982007,3.6988299
3.6375861,3.6988299
3.5263605,3.7630298
4.5325994,3.7630298
4.0073333,3.7630298
4.4067192,3.7630298
4.1431346,3.7630298
3.2771447,3.7630298
3.8501475,3.7630298
3.4499876,3.7630298
3.9608133,3.7630298
4.2484951,3.7630298
4.051785,3.7630298
3.4499876,3.7630298
3.1780539,3.7630298
4.2626801,3.740356
3.5553482,3.7630298
4.4308167,3.7630298
4.5432949,3.7630298
4.5849676,3.7630298
4.6151204,3.7630298
4.2484951,3.7630298
3.9512436,3.7630298
4.1271343,3.7630298
4.1588831,3.7630298
4.7184987,3.7630298
4.6347289,3.7630298
4.2046928,3.7630298
3.8066626,3.5969141
4.2766662,3.5969141
4.2046928,3.5969141
3.8286414,3.740356
4.6821313,3.7276218
4.356709,3.7122169
3.7727609,3.5969141
3.9219732,3.411453
3.7013021,3.5969141
3.5973122,3.5969141
4.1896548,3.5969141
4.2904596,3.7630298
3.7841897,3.5969141
4.2484951,3.5969141
4.3694477,3.5969141
4.3307333,3.5969141
4.1431346,3.5969141
4.356709,3.5969141
4.0253515,3.5969141
3.9318256,3.5969141
3.8066626,3.5969141
4.0775375,3.5969141
3.4011974,3.5969141
4.3694477,3.5969141
4.2046928,3.7630298
4.3630986,3.7818274
4.2626801,3.7630298
4.0253515,3.7818274
3.9889841,3.740356
4.5747108,3.7630298
4.3040652,3.7630298
3.6506581,3.697022
4.6634393,3.7630298
3.9796817,3.7630298
4.3694477,3.7630298
4.1896548,3.7630298
4.1026435,3.7630298
4.5538769,3.7630298
4.1743875,3.7630298
4.1108737,3.7630298
4.0430512,3.7630298
3.9318256,3.5969141
3.8066626,3.5969141
3.8286414,3.5969141
4.0604429,3.5969141
4.0943446,3.5969141
4.0253515,3.7122169
4.0253515,3.5969141
4.2766662,3.5969141
4.5217886,3.5969141
3.9796817,3.5969141
3.6763008,3.5969141
4.5163388,3.5969141
4.3040652,3.7630298
4.5432949,3.5969141
4.5432949,3.5969141
3.8177123,3.5969141
3.8815639,3.5969141
4.2696977,3.5969141
3.8501475,3.7727385
3.7612002,3.7727385
3.9512436,3.7530553
3.6635616,3.7173469
4.3438053,3.7727385
3.8501475,3.7727385
3.8501475,3.7727385
3.713572,3.714972
4.5538769,3.7122169
4.3944492,3.7122169
4.1743875,3.7727385
3.9608133,3.7727385
4.6051702,3.7727385
4.3174882,3.7727385
3.9889841,3.7727385
4.1896548,3.7727385
4.1271343,3.7727385
4.4543471,3.7122169
4.5849676,3.740356
4.1588831,3.7727385
4.7184987,3.7784827
3.9702919,3.7727385
3.6635616,3.7727385
3.9120231,3.7727385
3.9889841,3.7727385
4.2195077,3.7122169
4.2341065,3.7727385
4.1431346,3.7122169
3.6888795,3.7122169
4.0430512,3.7122169
3.9702919,3.7122169
4.1896548,3.7122169
4.2766662,3.7122169
4.6051702,3.7122169
3.4965076,3.7122169
4.1108737,3.7122169
3.5553482,3.7122169
3.6888795,3.7122169
3.9318256,3.7784827
4.2195077,3.7604847
3.5973122,3.7122169
4.4188404,3.6818531
3.3322046,3.706615
4.1666651,3.706615
4.1431346,3.706615
3.8815639,3.706615
3.9889841,3.706615
3.8394523,3.706615
3.3322046,3.706615
3.9219732,3.706615
3.8918202,3.706615
3.7376697,3.706615
3.4657359,3.706615
3.1780539,3.706615
4.3372908,3.706615
3.8177123,3.706615
4.3438053,3.706615
3.713572,3.706615
3.583519,3.8076038
3.7376697,3.8076038
4.2972856,3.8076038
3.9889841,3.7397182
4.2341065,3.8076038
3.7612002,3.8076038
4.0943446,3.6818531
4.1972017,3.8076038
4.051785,3.8076038
4.1190372,3.8076038
3.6763008,3.8076038
4.0430512,3.8076038
4.0690269,3.7397182
3.7013021,3.8076038
3.9796817,3.8076038
3.8286414,3.8076038
4.0430512,3.8076038
3.9219732,3.8076038
4.2195077,3.8076038
4.2626801,3.8076038
3.7954891,3.8076038
3.7612002,3.8076038
4.1431346,3.7397182
3.871201,3.704324
4.2766662,3.7397182
3.6888795,3.7397182
3.9318256,3.8076038
3.8501475,3.7397182
3.5973122,3.6818531
3.9318256,3.7397182
3.1354942,3.7397182
3.9415817,3.7397182
3.9702919,3.7397182
4.1431346,3.7397182
3.8066626,3.7397182
3.7841897,3.6944833
4.2766662,3.7397182
4.6821313,3.7397182
3.5263605,3.7397182
3.6635616,3.8076038
3.9120231,3.8076038
3.7841897,3.8076038
3.713572,3.8076038
3.8286414,3.8076038
3.713572,3.8076038
4.1026435,3.7397182
3.9415817,3.8076038
3.6888795,3.8076038
3.3322046,3.7843328
3.7841897,3.8076038
3.871201,3.8076038
3.8815639,3.8076038
3.5409594,3.8076038
3.8394523,3.8076038
3.7612002,3.8076038
3.7013021,3.8076038
3.4177268,3.8076038
3.6506581,3.8076038
3.7841897,3.8076038
3.8918202,3.7196536
3.3672957,3.7196536
3.7727609,3.7196536
3.068053,3.7196536
3.3672957,3.7196536
3.7495041,3.7196536
4.1108737,3.7196536
3.7376697,3.7196536
4.0073333,3.7196536
3.713572,3.7196536
3.8286414,3.7196536
4.3757572,3.7610698
3.6888795,3.7196536
3.6109178,3.7196536
3.7841897,3.7196536
3.871201,3.8515382
3.8918202,3.8515382
3.8066626,3.8515382
3.5115454,3.8515382
3.9982007,3.8515382
3.5409594,3.8515382
3.7495041,3.8515382
3.1570003,3.8515382
3.3843904,3.8515382
4.2484951,3.8515382
4.0690269,3.8515382
3.8394523,3.8515382
3.0445225,3.8515382
3.8394523,3.7196536
3.9512436,3.8515382
4.3372908,3.8515382
3.2188759,3.8515382
3.5553482,3.7215316
3.9120231,3.6944833
3.9889841,3.7930133
3.7612002,3.7147107
3.6109178,3.7930133
3.9702919,3.7930133
3.4177268,3.7930133
3.4499876,3.7930133
3.9120231,3.7930133
3.2958369,3.7397182
3.2188759,3.7930133
3.9318256,3.7930133
3.6109178,3.7930133
3.4339871,3.7930133
3.4657359,3.8076038
3.6375861,3.7930133
3.7495041,3.7930133
3.4499876,3.7930133
3.4657359,3.7930133
4.3820267,3.6818531
3.7841897,3.6818531
4.1431346,3.6818531
4.2766662,3.6818531
3.2958369,3.6818531
4.1026435,3.6818531
4.0943446,3.6818531
4.5325994,3.6818531
4.4308167,3.6818531
4.0943446,3.6818531
4.0775375,3.6818531
3.5409594,3.6818531
3.9415817,3.6818531
4.1588831,3.6818531
3.9120231,3.6818531
4.3174882,3.6818531
3.9512436,3.6818531
4.0859761,3.6818531
4.3694477,3.6818531
3.9889841,3.6818531
4.1271343,3.6818531
3.5553482,3.6818531
4.3944492,3.7215316
4.0604429,3.7215316
4.2413268,3.7215316
3.5115454,3.7196536
4.1896548,3.7215316
3.6888795,3.7215316
3.2188759,3.7215316
4.3820267,3.7215316
3.4657359,3.7215316
3.7841897,3.7215316
3.4499876,3.7215316
3.7376697,3.7215316
3.8501475,3.7215316
4.2484951,3.7215316
3.6635616,3.6818531
3.5695326,3.6818531
3.3672957,3.6818531
3.9219732,3.8515382
4.0690269,3.6818531
3.0910425,3.6818531
3.7376697,3.6818531
3.9120231,3.6818531
4.0163832,3.6818531
4.2046928,3.6818531
4.1896548,3.6818531
3.8607297,3.6818531
4.1972017,3.6818531
3.4011974,3.6818531
4.7184987,3.6818531
4.1666651,3.6818531
4.3174882,3.6818531
3.6109178,3.6818531
3.0445225,3.6818531
3.7612002,3.6818531
3.1354942,3.6818531
3.2958369,3.6818531
4.1588831,3.6818531
4.4067192,3.6818531
4.2766662,3.6818531
3.48124,3.6818531
3.2580965,3.6818531
3.6888795,3.6818531
4.1510401,3.6818531
4.3307333,3.6818531
4.2904596,3.6818531
4.4543471,3.6818531
3.583519,3.6818531
3.4011974,3.6818531
3.6375861,3.6818531
3.5553482,3.7215316
3.3322046,3.6818531
4.4426513,3.6818531
4.3174882,3.6818531
4.0430512,3.6818531
4.3174882,3.6818531
4.3307333,3.6818531
4.2341065,3.6818531
4.5325994,3.7631187
4.2904596,3.6818531
4.3694477,3.5605209
4.0604429,3.6818531
4.4426513,3.704324
4.4188404,3.6818531
4.5643482,3.6818531
4.59512,3.6818531
4.1271343,3.7196536
4.2195077,3.7196536
3.8918202,3.7196536
3.9796817,3.6818531
3.4177268,3.6818531
4.0943446,3.6818531
3.8918202,3.690171
3.871201,3.690171
3.9219732,3.690171
3.9982007,3.690171
4.5217886,3.690171
3.7612002,3.690171
4.4773369,3.7215316
3.6635616,3.690171
3.7013021,3.690171
4.1108737,3.8274279
3.9796817,3.690171
3.8607297,3.690171
3.7612002,3.690171
3.9318256,3.690171
3.8918202,3.690171
4.0775375,3.690171
4.2766662,3.690171
4.3502779,3.690171
3.7612002,3.6818531
4.2341065,3.690171
3.5695326,3.690171
4.0690269,3.690171
3.8286414,3.690171
4.1108737,3.690171
4.356709,3.690171
4.1588831,3.690171
3.9702919,3.690171
4.051785,3.690171
3.583519,3.690171
4.1026435,3.690171
4.0073333,3.690171
3.7376697,3.6259458
3.4499876,3.690171
3.7376697,3.6818531
3.1780539,3.690171
3.4657359,3.690171
3.0445225,3.690171
3.48124,3.690171
3.8918202,3.690171
4.2195077,3.690171
4.0604429,3.690171
4.0073333,3.690171
3.9318256,3.690171
3.7612002,3.690171
4.1510401,3.6844027
3.9120231,3.690171
3.2958369,3.690171
3.5695326,3.690171
4.0690269,3.690171
3.9318256,3.690171
3.7256935,3.690171
3.48124,3.690171
3.6888795,3.690171
3.6888795,3.690171
4.3307333,3.690171
3.4177268,3.690171
3.1780539,3.6207383
3.3141861,3.7189288
3.8286414,3.7189288
3.9120231,3.7189288
4.0604429,3.7189288
3.9982007,3.7189288
4.4773369,3.7189288
4.0342407,3.7189288
4.1108737,3.7189288
4.0775375,3.7189288
3.9512436,3.7189288
4.2195077,3.7189288
3.7954891,3.7189288
3.4011974,3.7189288
3.6763008,3.8274279
4.0073333,3.7189288
3.4657359,3.7075934
4.1510401,3.7189288
4.3502779,3.7587776
3.7954891,3.7189288
3.8286414,3.7189288
4.1026435,3.7587776
3.9796817,3.7587776
3.7376697,3.7587776
3.5553482,3.7587776
3.7841897,3.7587776
3.2771447,3.7249894
3.9702919,3.7587776
3.7612002,3.7587776
3.9889841,3.7587776
3.8394523,3.7075934
3.9219732,3.7587776
3.8066626,3.7587776
3.8066626,3.7587776
3.6888795,3.7587776
3.7612002,3.7587776
4.0604429,3.7587776
3.9512436,3.7587776
4.2121277,3.7587776
3.6375861,3.7587776
3.8066626,3.7587776
4.2835865,3.7075934
4.3307333,3.7075934
3.583519,3.7403669
3.6888795,3.7075934
4.0430512,3.690171
4.356709,3.7075934
3.7376697,3.7075934
3.713572,3.7075934
3.9120231,3.7075934
4.0859761,3.6259458
3.6888795,3.7587776
3.9019728,3.7075934
3.9219732,3.7075934
3.3672957,3.7047019
3.9318256,3.7403669
3.7612002,3.7075934
4.1588831,3.7075934
4.0604429,3.7075934
4.3307333,3.7075934
4.2341065,3.7075934
3.8501475,3.7075934
3.2958369,3.7075934
3.6375861,3.7631187
4.3944492,3.7075934
3.5553482,3.7075934
4.1108737,3.7075934
3.4657359,3.7075934
4.2046928,3.7075934
4.3694477,3.6818531
3.624341,3.7075934
3.3672957,3.7075934
4.0073333,3.7075934
3.3141861,3.7075934
4.6051702,3.649802
4.1431346,3.7075934
3.9120231,3.7075934
3.7612002,3.7075934
3.5553482,3.7075934
4.051785,3.7075934
3.5409594,3.7075934
3.8918202,3.7075934
3.2386785,3.7075934
4.1743875,3.7075934
3.5553482,3.7075934
3.7376697,3.7075934
3.4657359,3.7075934
3.1780539,3.7075934
3.4499876,3.7075934
3.5973122,3.7075934
3.4339871,3.7075934
3.5115454,3.7075934
3.3499041,3.704324
3.5263605,3.7075934
3.1354942,3.7075934
3.0910425,3.7075934
4.4308167,3.7075934
3.4657359,3.7075934
3.1780539,3.7075934
3.0445225,3.7075934
3.3322046,3.7075934
3.1780539,3.7075934
3.48124,3.7075934
3.2386785,3.7075934
3.1135154,3.7075934
3.4965076,3.7075934
3.6888795,3.7075934
3.6635616,3.649802
3.7841897,3.7075934
4.6821313,3.7075934
4.0775375,3.7075934
3.7841897,3.7075934
3.2580965,3.7075934
3.6635616,3.7075934
3.3141861,3.7075934
3.8501475,3.7075934
3.9608133,3.7075934
3.5263605,3.7075934
3.5115454,3.7075934
3.5553482,3.7075934
3.1780539,3.7075934
3.6506581,3.7403669
3.4657359,3.7075934
3.2580965,3.7075934
3.4965076,3.7075934
3.5409594,3.7075934
3.7612002,3.7075934
3.8177123,3.7075934
3.5973122,3.7075934
3.6506581,3.7075934
4.1271343,3.7075934
3.0445225,3.7075934
3.6109178,3.7075934
4.1743875,3.7075934
4.4308167,3.7075934
3.3672957,3.7075934
4.0604429,3.7075934
3.6109178,3.7075934
3.4011974,3.7075934
3.0445225,3.7075934
3.3141861,3.7075934
3.4011974,3.7075934
3.583519,3.7075934
3.7727609,3.7075934
4.2046928,3.7075934
3.4657359,3.7075934
3.3672957,3.7075934
3.6635616,3.7075934
3.5695326,3.7075934
3.624341,3.7075934
3.2386785,3.7075934
3.871201,3.7075934
3.7376697,3.7075934
3.0445225,3.7075934
3.198673,3.7075934
3.7256935,3.7075934
4.2484951,3.7075934
3.1780539,3.7075934
3.8394523,3.7075934
3.8501475,3.7075934
4.0430512,3.7075934
3.8607297,3.7075934
3.3322046,3.7075934
3.5973122,3.649802
3.7256935,3.7075934
3.5695326,3.7587776
3.7612002,3.7075934
3.9318256,3.7075934
3.7376697,3.7075934
3.1780539,3.7075934
3.6375861,3.7075934
3.583519,3.7075934
3.6375861,3.7075934
3.7013021,3.7075934
3.8286414,3.7075934
3.6109178,3.7075934
4.4773369,3.7075934
3.713572,3.7403669
3.5695326,3.7075934
4.3307333,3.7075934
3.4657359,3.7075934
4.4773369,3.7075934
3.4011974,3.7075934
3.8066626,3.649802
3.4339871,3.649802
4.3372908,3.649802
3.9702919,3.649802
3.5553482,3.649802
3.1354942,3.649802
3.4177268,3.649802
3.8501475,3.649802
3.7954891,3.649802
3.4339871,3.649802
4.0253515,3.649802
3.5115454,3.649802
3.4499876,3.649802
3.7495041,3.649802
3.6635616,3.649802
3.7495041,3.6259458
4.0430512,3.6259458
3.6888795,3.6259458
3.8066626,3.6259458
4.3820267,3.6259458
3.8918202,3.6259458
3.5115454,3.6259458
3.871201,3.6259458
3.3672957,3.6259458
3.5409594,3.6259458
3.3322046,3.6259458
4.2046928,3.6259458
3.0910425,3.6259458
3.5553482,3.6259458
3.4011974,3.6259458
3.6635616,3.6259458
3.0445225,3.6259458
3.3141861,3.6259458
4.0342407,3.6259458
3.6763008,3.6259458
3.2958369,3.6259458
3.3672957,3.6259458
3.4657359,3.6259458
3.5973122,3.6259458
3.6888795,3.6259458
3.8066626,3.6259458
3.0445225,3.6259458
3.6763008,3.6259458
3.0445225,3.6259458
3.2958369,3.6259458
3.068053,3.6259458
3.198673,3.6259458
3.6109178,3.704324
4.2195077,3.704324
3.4011974,3.704324
3.5409594,3.704324
3.583519,3.704324
3.5973122,3.704324
3.4177268,3.7403669
3.3499041,3.704324
3.5409594,3.704324
3.5263605,3.7631187
4.5325994,3.704324
3.3499041,3.704324
3.4339871,3.704324
3.4011974,3.704324
3.7612002,3.704324
3.4657359,3.704324
3.5263605,3.704324
3.624341,3.7075934
3.8394523,3.704324
3.6109178,3.704324
2.7080503,3.704324
3.7256935,3.704324
3.8815639,3.704324
3.7612002,3.704324
3.6375861,3.704324
3.9318256,3.704324
3.6888795,3.704324
3.2958369,3.704324
3.4339871,3.704324
3.8607297,3.704324
3.8918202,3.704324
3.7841897,3.704324
3.9889841,3.704324
3.8918202,3.704324
4.4543471,3.7403669
3.713572,3.7075934
4.3307333,3.7403669
3.9702919,3.7403669
3.6888795,3.7403669
4.2626801,3.7587776
3.9120231,3.7075934
3.4657359,3.7403669
3.4177268,3.7403669
4.4426513,3.7403669
4.5432949,3.7403669
4.5432949,3.7631187
3.9019728,3.7075934
4.59512,3.7474878
3.7841897,3.7403669
3.7376697,3.7403669
3.7495041,3.7403669
4.5325994,3.7403669
4.0430512,3.7075934
4.3438053,3.7403669
4.2046928,3.7403669
4.2195077,3.7403669
4.4773369,3.7403669
4.0253515,3.7403669
3.8918202,3.7403669
4.1108737,3.7403669
4.1896548,3.7403669
3.8066626,3.7403669
3.6763008,3.6315258
3.8918202,3.7403669
3.2958369,3.7403669
4.0073333,3.7403669
4.3174882,3.7403669
3.624341,3.7403669
3.9889841,3.7403669
3.9608133,3.7403669
4.5432949,3.7403669
3.8177123,3.7403669
4.1896548,3.7403669
3.8501475,3.6818531
4.5747108,3.7403669
4.2626801,3.7403669
3.3141861,3.7403669
3.3322046,3.7403669
3.7954891,3.7047019
3.6763008,3.7403669
4.2413268,3.7403669
3.7954891,3.7403669
3.7612002,3.7403669
3.8501475,3.7403669
3.9889841,3.7403669
4.3438053,3.7403669
4.0943446,3.7671387
3.713572,3.7403669
4.2268338,3.7036867
4.2484951,3.7036867
3.8607297,3.7036867
4.1108737,3.7036867
3.9889841,3.7025435
3.2958369,3.7036867
3.6888795,3.7036867
3.5409594,3.7036867
3.9120231,3.7036867
4.0073333,3.7036867
3.9415817,3.7036867
4.1271343,3.7036867
3.9608133,3.7025435
3.9889841,3.7036867
3.6635616,3.7036867
3.8815639,3.7036867
4.1108737,3.7036867
3.8286414,3.7036867
3.4177268,3.7036867
3.7612002,3.7036867
3.9608133,3.7036867
3.9608133,3.7036867
4.3040652,3.7036867
3.9889841,3.7036867
3.624341,3.7036867
3.9982007,3.7036867
4.2904596,3.7036867
3.7841897,3.7036867
3.4657359,3.7036867
3.871201,3.7036867
4.1588831,3.7036867
4.1972017,3.7036867
3.2958369,3.7036867
4.2484951,3.7403669
3.9608133,3.7036867
3.8286414,3.7036867
4.0943446,3.7036867
4.2121277,3.7005825
3.871201,3.7036867
3.7612002,3.7036867
3.5553482,3.7036867
3.9019728,3.7036867
3.8286414,3.7036867
4.2195077,3.7025435
4.1026435,3.4891229
3.7376697,3.4891229
4.7184987,3.4891229
4.0859761,3.4891229
3.9318256,3.4891229
3.9702919,3.4891229
3.4499876,3.4891229
3.48124,3.4891229
3.7954891,3.4891229
4.0690269,3.4891229
3.4965076,3.4891229
3.9702919,3.7255287
4.1108737,3.4891229
4.1431346,3.4891229
4.5432949,3.4891229
3.9702919,3.4891229
4.1351666,3.4891229
3.713572,3.4891229
3.7612002,3.4891229
3.7256935,3.4891229
3.4657359,3.4891229
4.3438053,3.4891229
3.3322046,3.4891229
3.9318256,3.4891229
4.2046928,3.4891229
3.9318256,3.4891229
3.5553482,3.4891229
3.1780539,3.4891229
3.3141861,3.4891229
3.7727609,3.4891229
3.6375861,3.4891229
3.8607297,3.4891229
3.713572,3.4891229
3.6888795,3.4891229
3.7256935,3.4891229
4.2341065,3.4891229
3.4965076,3.7403669
3.5695326,3.4891229
2.9957323,3.4891229
3.7376697,3.4891229
3.7954891,3.7147107
3.8286414,3.7403669
3.5115454,3.5605209
3.9702919,3.5605209
3.7727609,3.5605209
4.0604429,3.5605209
3.6763008,3.5605209
4.0342407,3.7474878
3.7727609,3.5605209
3.9019728,3.7047019
4.0073333,3.5605209
3.7376697,3.5605209
3.7727609,3.5605209
3.9415817,3.5605209
3.6635616,3.5605209
4.4308167,3.5605209
4.1026435,3.704324
3.5263605,3.5605209
3.5409594,3.5605209
4.0430512,3.5605209
4.1896548,3.5605209
3.6375861,3.5605209
3.7841897,3.5605209
3.583519,3.7025435
3.583519,3.5605209
4.1820502,3.5605209
4.0430512,3.5605209
3.6888795,3.5605209
3.2958369,3.8274279
4.1271343,3.5605209
3.3843904,3.5605209
3.5553482,3.5605209
3.1570003,3.7259858
3.7376697,3.7259858
3.5553482,3.7259858
3.2386785,3.7259858
4.1351666,3.7259858
3.4011974,3.7259858
3.6506581,3.7259858
3.3322046,3.7259858
3.2386785,3.7259858
3.3499041,3.7259858
4.0859761,3.7259858
3.8815639,3.7259858
3.8177123,3.7259858
4.6249728,3.7259858
4.3820267,3.7259858
3.8286414,3.7047019
3.6506581,3.7259858
3.9120231,3.7259858
4.2904596,3.7259858
3.48124,3.7259858
4.4659081,3.7259858
3.7013021,3.7259858
4.4998097,3.7147107
4.2195077,3.7147107
4.6443911,3.7497933
3.48124,3.7259858
3.9512436,3.7047019
3.713572,3.7047019
3.583519,3.7047019
4.2341065,3.7047019
3.713572,3.7047019
4.0430512,3.7047019
3.8286414,3.7047019
3.8918202,3.7047019
3.713572,3.7047019
4.1588831,3.7047019
4.1666651,3.7047019
3.6635616,3.7047019
3.2958369,3.7047019
3.713572,3.7047019
3.9120231,3.7064605
3.7612002,3.7064605
3.9702919,3.7671387
3.5409594,3.7631187
4.6634393,3.7481427
4.0430512,3.7064605
3.9889841,3.7064605
3.9219732,3.7064605
4.3174882,3.7631187
4.6347289,3.7064605
4.1431346,3.7064605
3.9120231,3.7064605
4.1271343,3.7064605
4.3438053,3.7064605
3.6375861,3.7226799
3.8286414,3.7226799
3.7612002,3.7631187
3.3499041,3.7226799
3.4339871,3.7226799
3.6635616,3.7226799
3.7612002,3.7226799
4.3307333,3.7226799
4.4426513,3.7226799
3.7841897,3.7226799
4.2195077,3.7226799
3.8066626,3.7226799
3.6763008,3.7226799
3.8286414,3.7226799
4.4367514,3.7226799
3.713572,3.7226799
3.7727609,3.7226799
3.713572,3.7226799
3.4499876,3.7226799
3.7954891,3.7226799
3.4965076,3.7226799
4.2268338,3.7226799
3.5263605,3.7226799
4.0604429,3.7226799
3.5115454,3.7226799
4.2556129,3.7226799
3.9512436,3.7481427
4.7004805,3.7047019
3.624341,3.7226799
4.2626801,3.7226799
3.8286414,3.7226799
4.3174882,3.7226799
3.9512436,3.7631187
4.2556129,3.7610698
3.6888795,3.7610698
4.1972017,3.7610698
3.5973122,3.7610698
3.4965076,3.7610698
3.2771447,3.7610698
4.2413268,3.7610698
4.2121277,3.7610698
3.6506581,3.7610698
3.7727609,3.7610698
3.8286414,3.7610698
3.9019728,3.7610698
4.1351666,3.7610698
3.4011974,3.7610698
3.8918202,3.7474878
3.2188759,3.7474878
4.0775375,3.7474878
3.5553482,3.7474878
3.4965076,3.7474878
3.7954891,3.7474878
3.9415817,3.7474878
3.5553482,3.7474878
3.7376697,3.7474878
3.9318256,3.7474878
3.7841897,3.7474878
3.7841897,3.7474878
3.6109178,3.7474878
3.6109178,3.7474878
3.7495041,3.7474878
4.0163832,3.7610698
4.6634393,3.7610698
3.2188759,3.7610698
3.8066626,3.3795037
3.583519,3.7259858
3.5553482,3.3795037
3.6375861,3.3795037
3.6375861,3.3795037
3.8501475,3.3795037
3.9982007,3.3795037
3.5695326,3.3795037
3.583519,3.3795037
3.8177123,3.3795037
3.4965076,3.3795037
3.3141861,3.5605209
4.0253515,3.3795037
4.2046928,3.3795037
3.4657359,3.3795037
4.0943446,3.3795037
3.9512436,3.3795037
3.8501475,3.3795037
3.5409594,3.3795037
4.4067192,3.3795037
4.0253515,3.3795037
3.2188759,3.3795037
4.0163832,3.3795037
3.4499876,3.3795037
3.7376697,3.3795037
4.0342407,3.3795037
3.3672957,3.3795037
4.0073333,3.3795037
3.9796817,3.7474878
3.3322046,3.3795037
4.1271343,3.3795037
3.8394523,3.3795037
3.9889841,3.7332189
4.1026435,3.7226799
4.1820502,3.7226799
4.3694477,3.7332189
3.9120231,3.7226799
3.7612002,3.7226799
4.3241324,3.7226799
4.1588831,3.7226799
3.9512436,3.7332189
3.2771447,3.7226799
4.0342407,3.7226799
4.2626801,3.7226799
3.3322046,3.7226799
4.1351666,3.7332189
4.0430512,3.7226799
4.3694477,3.7226799
3.5695326,3.7226799
4.2626801,3.7226799
4.0775375,3.7141738
3.7376697,3.7141738
3.8066626,3.7141738
4.0430512,3.7141738
3.9889841,3.7141738
3.4657359,3.7141738
3.5263605,3.7141738
3.9120231,3.7141738
4.1896548,3.7141738
3.7612002,3.7141738
3.9318256,3.7141738
3.9120231,3.7141738
4.0775375,3.7047019
3.5973122,3.7141738
4.0342407,3.7141738
3.8177123,3.7047019
3.3843904,3.7141738
3.4499876,3.7141738
4.2046928,3.7141738
3.4011974,3.7332189
3.9702919,3.8387487
3.7841897,3.7005825
3.7727609,3.7005825
3.4177268,3.7005825
3.8177123,3.7403669
3.5973122,3.7005825
3.713572,3.7005825
4.0690269,3.7005825
4.1026435,3.7005825
3.5263605,3.7255287
4.0690269,3.7075934
4.1431346,3.7005825
4.3040652,3.7005825
3.3322046,3.7005825
3.8394523,3.8387487
3.8501475,3.8387487
3.5115454,3.7047019
3.5263605,3.8387487
3.7727609,3.8387487
3.5263605,3.8387487
3.7954891,3.8387487
3.8286414,3.8387487
3.9120231,3.8387487
3.5695326,3.8387487
3.6635616,3.8387487
3.3141861,3.8387487
3.7376697,3.8387487
4.6051702,3.8387487
3.4657359,3.8387487
3.5553482,3.8387487
3.6635616,3.8387487
3.9318256,3.8387487
3.4011974,3.7259858
4.1351666,3.7259858
4.4773369,3.7259858
4.6347289,3.7259858
3.6635616,3.7259858
4.6347289,3.7259858
4.1351666,3.7259858
4.1588831,3.7259858
3.8815639,3.8076038
3.6109178,3.7259858
4.5747108,3.7403669
4.2484951,3.7259858
4.1896548,3.5605209
4.4485164,3.7259858
3.6375861,3.7259858
3.9019728,3.7255287
4.0430512,3.7259858
4.2195077,3.7147107
4.4067192,3.7259858
4.5108595,3.7047019
4.1588831,3.7259858
4.0253515,3.7259858
4.1431346,3.7259858
3.9120231,3.7259858
4.1743875,3.7259858
4.3438053,3.7147107
4.5432949,3.7259858
3.48124,3.7259858
4.4426513,3.7259858
4.2341065,3.7259858
3.6375861,3.7259858
3.7013021,3.7259858
3.583519,3.7631187
4.356709,3.7631187
3.6375861,3.7631187
3.583519,3.7631187
3.583519,3.7631187
4.2195077,3.7226799
4.1431346,3.7403669
4.2766662,3.7631187
3.9318256,3.7631187
3.7612002,3.7631187
4.3307333,3.7631187
3.7841897,3.7047019
3.5553482,3.7631187
3.9608133,3.7631187
3.4965076,3.7631187
4.3820267,3.7631187
4.5643482,3.7631187
4.2195077,3.7631187
3.3322046,3.4891229
3.6506581,3.7631187
,3.7631187
4.5432949,3.7671387
3.7727609,3.7631187
3.7495041,3.7631187
3.6888795,3.7671387
4.6821313,3.6864009
4.0775375,3.7631187
4.1743875,3.7631187
4.3820267,3.7631187
3.8501475,3.6818531
3.6635616,3.7226799
4.0430512,3.7147107
4.4886365,3.7047019
3.6635616,3.7631187
4.2484951,3.7631187
4.6051702,3.7631187
4.0775375,3.7497933
4.0253515,3.7631187
4.5432949,3.7631187
4.4659081,3.7631187
3.5973122,3.7631187
3.8918202,3.7631187
4.1431346,3.7047019
4.4886365,3.7403669
4.2195077,3.7631187
3.7841897,3.7403669
4.6249728,3.7631187
4.0253515,3.7631187
3.871201,3.7631187
4.5432949,3.7631187
3.5263605,3.7631187
4.2046928,3.7631187
4.3820267,3.7631187
4.5108595,3.7631187
3.9889841,3.7631187
4.3174882,3.7631187
4.4773369,3.7481427
4.7184987,3.7631187
4.3694477,3.7631187
3.871201,3.7047019
3.5263605,3.7356951
3.8815639,3.706636
4.4543471,3.6825187
3.4657359,3.706636
4.0342407,3.7725224
4.3174882,3.6825187
3.624341,3.7373402
3.7841897,3.6538639
4.0859761,3.6825187
4.0943446,3.6825187
4.4006028,3.6891229
3.8501475,3.6825187
3.871201,3.6825187
3.6375861,3.6825187
4.5217886,3.6825187
4.1271343,3.6825187
3.6888795,3.3356135
4.2626801,3.6972387
3.3499041,3.6972387
4.1510401,3.6699369
3.2771447,3.6699369
4.1588831,3.6699369
3.5553482,3.6232333
4.4067192,3.6699369
4.0690269,3.6699369
3.7376697,3.6699369
3.713572,3.6699369
3.5973122,3.6699369
4.0073333,3.780232
3.7612002,3.780232
4.0859761,3.6827805
4.1510401,3.6827805
3.9318256,3.6827805
4.051785,3.6827805
3.7841897,3.4074383
3.8286414,3.4074383
4.2046928,3.6891229
3.9120231,3.6232333
3.9512436,3.6891229
4.2696977,3.6891229
3.7954891,3.6891229
3.9415817,3.3550746
4.1896548,3.6891229
3.4965076,3.4717054
3.9120231,3.5166116
4.2696977,3.5166116
4.4998097,3.5503252
4.1510401,3.5483983
4.1896548,3.4686654
4.4426513,3.780232
4.5379615,3.3601148
4.3107991,3.3601148
4.1431346,3.3356135
3.7841897,3.350666
4.0073333,3.3594255
4.0775375,3.3960538
4.3174882,3.6726472
3.5695326,3.1912277
4.5272088,3.5231726
3.871201,3.3374979
4.356709,3.350666
3.9120231,3.7834704
3.624341,3.7834704
3.8177123,3.6571167
4.3944492,3.3611109
3.5263605,3.5483983
4.59512,3.5483983
4.6051702,3.6891229
3.6635616,3.5503252
4.1588831,3.5483983
4.2626801,3.5483983
4.4543471,3.5483983
4.1743875,3.5231726
4.356709,3.5483983
3.9318256,3.6463027
4.356709,3.7700748
4.2121277,3.7153921
4.0943446,3.6371307
4.7184987,3.8188396
4.6821313,3.6701529
4.4067192,3.6701529
4.5747108,3.7026958
4.2341065,3.6701529
4.2341065,3.6512442
4.1743875,3.6512442
3.9889841,3.7356687
4.4773369,3.7356687
4.3438053,3.5680797
4.2766662,3.5680797
3.6109178,3.6830845
4.0073333,3.6830845
4.0430512,3.6830845
3.2580965,3.6830845
3.9019728,3.6830845
4.1108737,3.6830845
3.4965076,3.6830845
3.6109178,3.6004968
4.2341065,3.5101914
4.4773369,3.7356975
4.4998097,3.6830845
4.051785,3.5477047
4.1026435,3.5477047
3.871201,3.5043783
4.4998097,3.3628817
4.1190372,3.5246408
4.0775375,3.472878
4.051785,3.4897928
4.1431346,3.7691431
4.1820502,3.5066388
4.5108595,3.5477047
4.5432949,3.5558631
4.0430512,3.5558631
4.4426513,3.5558631
4.2046928,3.5246408
3.713572,3.3455656
3.871201,3.5874958
4.59512,3.5486407
