"","yearmon","CHIRADZULU","MISUKU","NTCHISI","NSUNDWE","BALAKA","RUMPHI","DWANGWA","CHIKWAWA","LIMBE","LUNZU","NCHALO","NGABU","CHITIPA","NTHALIRE","BEMBEKE_TURNOFF","CHIMBIYA","MTAKATAKA","THETE","BOWE","DOWA","MADISI","MPONELA","NAMBUMA","CHILUMBA","KARONGA","CHAMAMA","CHATOLOMA","KASUNGU","NKHAMENYA","SANTHE","KASIYA","LILONGWE","MITUNDU","NANJIRI","NKHOMA","LIWONDE","NAMWERA","NTAJA","MANGOCHI","MONKEY BAY","MCHINJI","MKANDA","MULOZA","MWANZA","EMBANGWENI","JENDA","MZIMBA","MZUZU","NENO","CHINTHECHE","MPAMBA","NKHATABAY","MWANSAMBO","NKHOTAKOTA","BANGULA","NSANJE","LIZULU","NTCHEU","NTONDA","SHARPEVALEY","TSANGANO_TURNOFF","MALOMO","PHALOMBE","HEWE","SALIMA","BVUMBWE","LUCHENZA","JALI","MAYAKA","THONDWE","ZOMBA","MIGOWI"
"1","200712",1,0,0,1,1,0,0,1,1,1,1,1,0,0,1,1,1,1,0,0,0,0,1,0,0,0,1,0,1,0,1,1,1,1,1,1,1,1,1,1,1,1,1,1,0,0,0,0,1,0,0,0,0,0,1,1,1,1,1,1,1,0,1,0,0,1,1,1,1,1,1,1
"2","200801",0,0,0,0,0,0,0,0,0,0,0,0,0,0,0,0,0,0,0,0,0,0,0,0,0,0,0,0,0,0,0,0,0,0,0,0,0,0,0,0,0,0,0,0,0,0,0,0,0,0,0,0,0,0,0,0,0,0,0,0,0,0,0,0,0,0,0,0,0,0,0,0
"3","200802",0,0,0,0,0,0,0,0,0,0,0,0,0,0,0,0,0,0,0,0,0,0,0,0,0,0,0,0,0,0,0,0,0,0,0,0,0,0,0,0,0,0,0,0,0,0,0,0,0,0,0,0,0,0,0,0,0,0,0,0,0,0,0,0,0,0,0,0,0,0,0,0
"4","200803",0,0,0,0,0,0,0,0,0,0,0,0,0,0,0.2,0,0.2,0,0,0,0,0,0,0,0,0.2,0,0,0,0,0.2,0,0,0,0,0,0,0,0,0,0,0.2,0,0,0.2,0,0,0,0.2,0,0,0,0,0,0,0,0,0,0.2,0,0,0,0,0,0,0.2,0,0,0,0,0,0
"5","200804",0,0,0,0,0,0,0,0,0,0,0,0,0,0,0.25,0,0.25,0,0,0,0,0,0,0,0,0.25,0,0,0,0,0.25,0,0,0,0,0,0,0,0,0,0,0.25,0,0,0.25,0,0,0,0.25,0,0,0,0,0,0,0,0,0,0.25,0,0,0,0,0,0,0.25,0,0,0,0,0,0
"6","200805",0.25,0.25,0.25,0.25,0.25,0.25,0.25,0.25,0.25,0.25,0.25,0.25,0.25,0.25,0.25,0.25,0.25,0.25,0.25,0.25,0.25,0.25,0.25,0.25,0.25,0.25,0.25,0.25,0.25,0.25,0.25,0.25,0.25,0.25,0.25,0.25,0.25,0.25,0.25,0.25,0.25,0.25,0.25,0.25,0.25,0.25,0.25,0.25,0.25,0.25,0.25,0.25,0.25,0.25,0.25,0.25,0.25,0.25,0.25,0.25,0.25,0.25,0.25,0.25,0.25,0.25,0.25,0.25,0.25,0.25,0.25,0.25
"7","200806",0,0,0,0,0,0,0,0,0,0,0,0,0,0,0,0,0,0,0,0,0,0,0,0,0,0,0,0,0,0,0,0,0,0,0,0,0,0,0,0,0,0,0,0,0.2,0,0,0,0,0,0,0,0,0,0,0,0,0,0,0,0,0,0,0,0,0,0,0,0,0,0,0
"8","200807",0,0,0,0,0,0,0,0,0,0,0,0,0,0,0,0,0,0,0,0,0,0,0,0,0,0,0,0,0,0,0,0,0,0,0,0,0,0,0,0,0,0,0,0,0,0,0,0,0,0,0,0,0,0,0,0,0,0,0,0,0,0,0,0,0,0,0,0,0,0,0,0
"9","200808",0,0,0,0,0,0,0,0,0.2,0,0,0,0,0,0,0,0,0,0,0,0,0,0,0,0,0,0,0,0,0,0,0,0,0,0,0,0,0,0,0,0,0,0,0,0,0,0,0,0,0,0,0,0,0,0,0,0,0,0,0,0,0,0,0,0,0,0,0,0,0,0,0
"10","200809",0,0,0,0,0,0,0,0,0,0,0,0,0,0,0,0,0,0,0,0,0,0,0,0,0,0,0,0,0,0,0,0,0,0,0,0,0,0,0,0,0,0,0,0,0,0,0,0,0,0,0,0,0,0,0,0,0,0,0,0,0,0,0,0,0,0,0,0,0,0,0,0
"11","200810",0,0,0,0,0,0,0,0,0,0,0,0,0,0,0,0,0,0,0,0,0,0,0,0,0,0,0,0,0,0,0,0,0,0,0,0,0,0,0,0,0,0,0,0,0,0,0,0,0,0,0,0,0,0,0,0,0,0,0,0,0,0,0,0,0,0,0,0,0,0,0,0
"12","200811",0,0,0,0,0,0,0,0,0,0,0,0,0,0,0,0,0,0,0,0,0,0,0,0,0,0,0,0,0,0,0,0,0,0,0,0,0,0,0,0,0,0,0,0,0,0,0,0,0,0,0,0,0,0,0,0,0,0,0,0,0,0,0,0,0,0,0,0,0,0,0,0
"13","200812",0,0,0,0,0,0,0,0,0,0,0,0,0,0,0,0,0,0,0,0,0,0,0,0.25,0,0,0,0,0,0,0,0,0,0,0,0,0,0,0,0,0,0,0,0,0,0,0,0,0,0,0,0,0,0,0,0,0,0,0,0,0,0,0,0,0,0,0,0,0,0,0,0
"14","200901",0,0,0,0,0,0,0,0,0,0,0,0,0,0,0,0,0,0,0,0,0,0,0,0,0,0,0,0,0,0,0,0,0,0,0,0,0,0,0,0,0,0,0,0,0,0,0,0,0,0,0,0,0,0,0,0,0,0,0,0,0,0,0,0,0,0,0,0,0,0,0,0
"15","200902",0,0,0,0,0,0,0,0,0,0,0,0,0,0,0,0,0,0,0,0,0,0,0,0,0,0,0,0,0,0,0,0,0,0,0,0,0,0,0,0,0,0,0,0,0,0,0,0,0,0,0,0,0,0,0,0,0,0,0,0,0,0,0,0,0,0,0,0,0,0,0,0
"16","200903",0,0,0,0,0,0,0,0,0,0,0,0,0,0,0,0,0,0,0,0,0,0,0,0,0,0,0,0,0,0,0,0,0,0,0,0,0,0,0,0,0,0,0,0,0,0,0,0,0,0,0,0,0,0,0,0,0,0,0,0,0,0,0,0,0,0,0,0,0,0,0,0
"17","200904",0.25,0.25,0.25,0.25,0.25,0.25,0.25,0.25,0.25,0.25,0.25,0.25,0.25,0.25,0.25,0.25,0.25,0.25,0.25,0.25,0.25,0.25,0.25,0.25,0.25,0.25,0.25,0.25,0.25,0.25,0.25,0.25,0.25,0.25,0.25,0.25,0.25,0.25,0.25,0.25,0.25,0.25,0.25,0.25,0.25,0.25,0.25,0.25,0.25,0.25,0.25,0.25,0.25,0.25,0.25,0.25,0.25,0.25,0.25,0.25,0.25,0.25,0.25,0.25,0.25,0.25,0.25,0.25,0.25,0.25,0.25,0.25
"18","200905",0,0,0,0,0,0,0,0,0,0,0,0,0,0,0,0,0,0,0,0,0,0,0,0,0,0,0,0,0,0,0,0,0,0,0,0,0,0,0,0,0,0,0,0,0,0,0.25,0,0,0,0,0,0,0,0,0,0,0,0,0,0,0,0,0,0,0,0,0,0,0,0,0
"19","200906",0,0,0,0,0,0,0,0,0,0,0,0,0,0,0,0,0,0,0,0,0,0,0,0,0,0,0,0,0,0,0,0,0,0,0,0,0,0,0,0,0,0,0,0,0,0,0,0,0,0,0,0,0,0,0,0,0,0,0,0,0,0,0,0,0,0,0,0,0,0,0,0
"20","200907",0,0,0,0,0,0,0,0,0,0,0,0,0,0,0,0,0,0,0,0,0,0,0,0,0,0,0,0,0,0,0,0,0,0,0,0,0,0,0,0,0,0,0,0,0,0,0,0,0,0,0,0,0,0,0,0,0,0,0,0,0,0,0,0,0,0,0,0,0,0,0,0
"21","200908",0,0,0,0,0,0,0,0,0,0,0,0,0,0,0,0,0,0,0,0,0,0,0,0,0,0,0,0,0,0,0,0,0,0,0,0,0,0,0,0.2,0,0,0,0,0,0,0,0,0,0,0,0,0,0,0,0,0,0,0,0,0,0,0,0,0,0,0,0,0,0,0,0
"22","200909",0,0,0,0,0,0,0,0,0,0,0,0,0,0,0,0,0,0,0,0,0,0,0,0,0,0,0,0,0,0,0,0,0,0,0,0,0,0,0,0,0,0,0,0,0,0,0,0,0,0,0,0,0,0,0,0,0,0,0,0,0,0,0,0,0,0,0,0,0,0,0,0
"23","200910",0,0,0,0,0,0,0,0,0,0,0,0,0,0,0,0,0,0,0,0,0,0,0,0,0,0,0,0,0,0,0,0,0,0,0,0,0,0,0,0,0,0,0,0,0,0,0,0,0,0,0,0,0,0,0,0,0,0,0,0,0,0,0,0,0,0,0,0,0,0,0,0
"24","200911",0,0,0,0,0,0,0,0,0,0,0,0,0,0,0,0,0,0,0,0,0,0,0,0,0,0,0,0,0,0,0,0,0,0,0,0,0,0,0,0,0,0,0,0,0,0,0,0,0,0,0,0,0,0,0,0,0,0,0,0,0,0,0,0,0,0,0,0,0,0,0,0
"25","200912",0.75,0.75,0.75,0.75,0.75,0.75,0.75,0.75,0.75,0.75,0.75,0.75,0.75,0.75,0.75,0.75,0.75,0.75,0.75,0.75,0.75,0.75,0.75,0.75,0.75,0.75,0.75,0.75,0.75,0.75,0.75,0.75,0.75,0.75,0.75,0.75,0.75,0.75,0.75,0.75,0.75,0.75,0.75,0.75,0.75,0.75,0.75,0.75,0.75,0.75,0.75,0.75,0.75,0.75,0.75,0.75,0.75,0.75,0.75,0.75,0.75,0.75,0.75,0.75,0.75,0.75,0.75,0.75,0.75,0.75,0.75,0.75
"26","201001",0,0,0,0,0,0,0,0,0,0,0,0,0,0,0,0,0,0,0,0,0,0,0,0,0,0,0,0,0,0,0,0,0,0,0,0,0,0,0,0,0,0,0,0,0,0,0,0,0,0,0,0,0,0,0,0,0,0,0,0,0,0,0,0,0,0,0,0,0,0,0,0
"27","201002",0.25,0,0,0,0.25,0,0,0.25,0.25,0.25,0.25,0.25,0,0,0.25,0.25,0.25,0,0,0,0,0,0,0,0,0,0,0,0,0,0,0,0,0,0,0.25,0.25,0.25,0.25,0.25,0,0,0.25,0.25,0,0,0,0,0.25,0,0,0,0,0,0.25,0.25,0.25,0.25,0.25,0.25,0.25,0,0.25,0,0,0.25,0.25,0.25,0.25,0.25,0.25,0.25
"28","201003",0.25,0.25,0.25,0.25,0.25,0.25,0.25,0.25,0.25,0.25,0.25,0.25,0.25,0.25,0.25,0.25,0.25,0.25,0.25,0.25,0.25,0.25,0.25,0.25,0.25,0.25,0.25,0.25,0.25,0.25,0.25,0.25,0.25,0.25,0.25,0.25,0.25,0.25,0.25,0.25,0.25,0.25,0.25,0.25,0.25,0.25,0.25,0.25,0.25,0.25,0.25,0.25,0.25,0.25,0.25,0.25,0.25,0.25,0.25,0.25,0.25,0.25,0.25,0.25,0.25,0.25,0.25,0.25,0.25,0.25,0.25,0.25
"29","201004",0.5,0.5,0.5,0.5,0.5,0.5,0.5,0.5,0.5,0.5,0.5,0.5,0.5,0.5,0.5,0.5,0.5,0.5,0.5,0.5,0.5,0.5,0.5,0.5,0.5,0.5,0.5,0.5,0.5,0.5,0.5,0.5,0.5,0.5,0.5,0.5,0.5,0.5,0.5,0.5,0.5,0.5,0.5,0.5,0.5,0.5,0.5,0.5,0.5,0.5,0.5,0.5,0.5,0.5,0.5,0.5,0.5,0.5,0.5,0.5,0.5,0.5,0.5,0.5,0.5,0.5,0.5,0.5,0.5,0.5,0.5,0.5
"30","201005",0.4,0.4,0.4,0.4,0.4,0.4,0.4,0.4,0.4,0.4,0.4,0.4,0.4,0.4,0.4,0.4,0.4,0.4,0.4,0.4,0.4,0.4,0.4,0.4,0.4,0.4,0.4,0.4,0.4,0.4,0.4,0.4,0.4,0.4,0.4,0.4,0.4,0.4,0.4,0.4,0.4,0.4,0.4,0.4,0.4,0.4,0.4,0.4,0.4,0.4,0.4,0.4,0.4,0.4,0.4,0.4,0.4,0.4,0.4,0.4,0.4,0.4,0.4,0.4,0.4,0.4,0.4,0.4,0.4,0.4,0.4,0.4
"31","201006",0.75,0.75,0.75,0.75,0.75,0.75,0.75,0.75,0.75,0.75,0.75,0.75,0.75,0.75,0.75,0.75,0.75,0.75,0.75,0.75,0.75,0.75,0.75,0.75,0.75,0.75,0.75,0.75,0.75,0.75,0.75,0.75,0.75,0.75,0.75,0.75,0.75,0.75,0.75,0.75,0.75,0.75,0.75,0.75,0.75,0.75,0.75,0.75,0.75,0.75,0.75,0.75,0.75,0.75,0.75,0.75,0.75,0.75,0.75,0.75,0.75,0.75,0.75,0.75,0.75,0.75,0.75,0.75,0.75,0.75,0.75,0.75
"32","201007",0,0,0,0,0,0,0,0,0,0,0,0,0,0,0,0,0,0,0,0,0,0,0,0,0,0,0,0,0,0,0,0,0,0,0,0,0,0,0,0,0,0,0,0,0,0,0,0,0,0,0,0,0,0,0,0,0,0,0,0,0,0,0,0,0,0,0,0,0,0,0,0
"33","201008",0.4,0,0.4,0.2,0,0,0,0.4,0.4,0,0.4,0.2,0.4,0.4,0.4,0,0.4,0.4,0.2,0.4,0.4,0,0.4,0,0.2,0.4,0.4,0.4,0,0.2,0.4,0.4,0,0.2,0,0.4,0.2,0.4,0.4,0.4,0.4,0.4,0.4,0.4,0.4,0.4,0.4,0,0.4,0,0.2,0.2,0.4,0,0.4,0,0.4,0.4,0.4,0.4,0.4,0.4,0.4,0,0.4,0.2,0.4,0,0,0.4,0.4,0.4
"34","201009",0.25,0.25,0.25,0.25,0.25,0.25,0.25,0.25,0.25,0.25,0.25,0.25,0.25,0.25,0.25,0.25,0.25,0.25,0.25,0.25,0.5,0.25,0.25,0.25,0.25,0.25,0.25,0.25,0.25,0.25,0.25,0.25,0.25,0.25,0.25,0.25,0.25,0.25,0.25,0.25,0.25,0.25,0.25,0.25,0.25,0.25,0.25,0.25,0.25,0.25,0.25,0.25,0.25,0.25,0.25,0.25,0.25,0.25,0.25,0.25,0.25,0.25,0.25,0.25,0.25,0.25,0.25,0.25,0.25,0.25,0.25,0.25
"35","201010",0,0,0,0,0,0,0,0,0,0,0,0,0,0,0,0,0,0,0,0,0,0,0,0,0,0,0,0,0,0,0,0,0,0,0,0,0,0,0,0,0,0,0,0,0,0.2,0,0,0,0,0,0,0,0,0,0,0,0,0,0,0,0,0,0,0,0,0,0,0,0,0,0
"36","201011",0,0,0,0,0,0,0,0,0,0,0,0,0,0.25,0,0,0,0,0,0,0,0,0,0,0,0,0,0,0,0,0,0,0,0,0,0,0,0,0,0,0,0,0,0,0,0.25,0,0,0,0,0,0,0,0,0,0,0,0,0,0,0,0,0,0,0,0,0,0,0,0,0,0
"37","201012",0.25,0.25,0.25,0.25,0.25,0.25,0.25,0.25,0.25,0.25,0.25,0.25,0.25,0.25,0.25,0.25,0.25,0.25,0.25,0.25,0.25,0.25,0.25,0.25,0.25,0.25,0.25,0.25,0.25,0.25,0.25,0.25,0.25,0.25,0.25,0.25,0.25,0.25,0.25,0.25,0.25,0.25,0.25,0.25,0.25,0.5,0.25,0.25,0.25,0.25,0.25,0.25,0.25,0.25,0.25,0.25,0.25,0.25,0.25,0.25,0.25,0.25,0.25,0.25,0.25,0.25,0.25,0.25,0.25,0.25,0.25,0.25
"38","201101",0.4,0,0,0.4,0.4,0,0,0,0.4,0.4,0.4,0.4,0,0.4,0,0,0,0,0,0.4,0,0,0,0,0,0.4,0.4,0.4,0.4,0.4,0.4,0,0,0.4,0,0,0.4,0,0.4,0,0.4,0.4,0,0,0.4,0.4,0,0.4,0,0,0,0,0,0,0.4,0.4,0.4,0.4,0,0.4,0.4,0.4,0.4,0,0.4,0,0.4,0,0.4,0.4,0.4,0.4
"39","201102",0.25,0.25,0.25,0.25,0.25,0.25,0.25,0.25,0.25,0.25,0.25,0.25,0.25,0.5,0.25,0.25,0.25,0.25,0.25,0.25,0.25,0.25,0.25,0.25,0.25,0.25,0.25,0.25,0.25,0.25,0.25,0.25,0.25,0.25,0.25,0.25,0.25,0.25,0.25,0.25,0.25,0.25,0.25,0.25,0.25,0.25,0.25,0.25,0.25,0.25,0.25,0.25,0.25,0.25,0.25,0.25,0.25,0.25,0.25,0.25,0.25,0.25,0.25,0.5,0.25,0.25,0.25,0.25,0.25,0.25,0.25,0.25
"40","201103",1,1,1,1,1,1,1,1,1,1,1,1,1,1,1,1,1,1,1,1,1,1,1,1,1,1,1,1,1,1,1,1,1,1,1,1,1,1,1,1,1,1,1,1,1,1,1,1,1,1,1,1,1,1,1,1,1,1,1,1,1,1,1,1,1,1,1,1,1,1,1,1
"41","201104",0,0,0,0,0,0,0,0,0,0,0,0,0,0,0,0,0,0,0,0,0,0,0,0,0,0,0,0,0,0,0,0,0,0,0,0,0,0,0,0,0,0,0,0,0,0,0,0.25,0,0,0,0,0,0,0,0,0,0,0,0,0,0,0,0,0,0,0,0,0,0,0,0
"42","201105",0.8,0,0,1,0.8,0.2,0,0.4,0.2,0,0,0.2,0,0,0.6,0.6,0.6,0.2,1,0.8,0.6,0.6,0,0,0.4,0.8,0.4,0.8,0.4,0.2,1,1,0,0.2,1,0.2,0.6,0.8,0.2,1,0.6,0.8,0,0,0.4,1,0.8,0,0.2,0.4,0,0.4,0.6,0.2,1,0.2,0.2,0.2,1,1,0.2,0.6,0.4,1,0.6,0.2,0.6,0.4,0,0.6,0.2,1
"43","201106",0.75,0.5,0.75,0,0,0.5,0,0.75,0.75,0.5,0.5,0.5,0,0.5,0.25,0.5,1,0,1,0.5,0.5,0.75,0.25,0.5,0.5,1,0.75,0.75,1,0.5,1,1,0.5,0.75,1,0.25,0.75,0.25,0.75,1,0.75,1,0.75,0.75,0.25,1,1,0.5,0.75,0.5,0.5,0.5,1,0,1,0.5,0.5,0.5,1,1,0.75,0.5,1,1,0,0.75,0.75,0.75,0.5,1,0.5,1
"44","201107",0.8,0.4,0.8,0.8,0.4,0.4,1,1,1,0.8,1,0.6,0.2,0.6,0.6,0.8,0.8,0.2,1,1,0.6,1,1,0.4,0.8,1,1,0.8,0.8,0.8,1,1,0.8,1,0,0.8,1,0.8,0.8,1,0.8,1,1,1,0.6,1,1,1,0.8,0.6,1,1,1,0.8,1,1,0.8,1,1,1,1,0.8,0.8,0.4,1,1,1,1,1,1,1,1
"45","201108",0.5,0,0.5,0.5,0.5,0.5,0,0,0.5,0.5,0.25,0.25,0.25,0.75,1,0.25,0.75,0,1,0.75,0.75,0.75,0.5,0.25,0.75,1,1,0.75,1,0,1,1,1,1,0.25,0.5,0.75,0.5,0.25,1,0.25,1,0.5,0.25,0.75,1,1,0.25,0,0.5,0.25,0.5,0.75,0.75,1,0,0,1,1,1,0.25,0,0.25,1,0.5,0.5,0.75,0.5,0.25,1,0.75,1
"46","201109",1,0.25,0.5,0.75,0.5,0.5,0.25,0.5,0.75,1,0.75,1,0.5,1,0.75,0.75,1,0.5,1,0.5,1,1,1,0.5,0.25,1,1,1,1,0.75,1,1,0.75,0.5,0.5,0.5,1,1,0.75,1,1,0.75,0.75,0.5,1,1,1,0.75,0.75,1,1,1,1,0.75,1,1,0.5,1,1,1,0.75,0.75,0.5,1,0.5,1,1,1,0.75,1,1,1
"47","201110",0.8,0.6,1,0.6,0.6,0.6,0.6,0.6,0.6,0.6,0.6,0.8,0.6,0.8,0.8,0.6,0.8,0.6,1,0.8,0.8,1,0.6,0.6,0.8,0.8,0.8,1,0.8,0.6,1,0.8,0.6,0.6,0.6,0.8,0.8,0.8,0.6,1,0.6,0.6,0.6,0.8,1,0.8,1,0.6,0.8,0.6,1,0.6,0.8,0.6,1,0.8,0.8,0.8,1,1,0.6,0.8,0.8,1,0.6,0.6,0.8,0.6,0.6,1,0.8,1
"48","201111",0.25,0,0,0.25,0.25,0,0.25,1,0.25,0,0,0.25,0,0,1,0,0.5,0,1,0.75,0.25,0.5,0,0,0,0.5,1,0.25,0.25,0,1,0,0,0,0,0,0.5,0.25,0.25,1,0.25,0.75,0,0,0.25,1,0,0,0,0,0.25,0.25,0.25,0,1,0,0,0,1,1,0,0,0.25,1,0,0.75,0,0.5,0,0.75,0.25,1
"49","201112",0.75,0.75,0.5,1,0.75,0.75,0.5,0.75,0.75,0.75,0.75,1,0.75,0.75,1,0.5,1,0.5,1,0.75,0.75,0.75,0.75,0.75,0.75,1,0.5,0.75,1,0.5,1,0.5,0.5,0.5,0.5,0.75,0.75,0.75,1,1,0.5,1,0.75,0.75,1,1,0.75,0.75,1,1,0.75,0.75,0.75,0.75,1,0.75,0.75,0.75,1,1,1,0.5,0.75,1,0.75,0.75,1,0.75,0.75,1,1,1
"50","201201",0.75,0,0.5,0.25,0.25,0.5,0.5,1,0.75,0.5,0.75,0.25,0,0,0.5,0.75,1,0.5,1,0.75,1,1,0.75,0.25,0.25,1,1,0.75,0.75,0.25,0.75,0,0.25,0,0,0.25,1,0.75,0.75,1,0.75,1,0.5,1,0.5,0.75,0.75,0.25,0.75,0,0.25,0.25,0.5,0.75,1,0,0.5,0,0.25,1,1,0.75,0.5,1,0.75,1,0.5,0.75,0.75,1,0.5,1
"51","201202",0.5,0.25,0.25,0,0.25,0,0,0.75,0.5,0,0.25,0.5,0,0,0.75,0,0.25,0.25,1,0.5,0.25,0,0.25,0,0,0.25,0.5,0.75,0.5,0.5,1,0.25,0.25,0.5,0.25,0.25,0.75,0.75,0.5,1,0,0.75,0,0.25,0.5,0.5,0.5,0,0,0,0.5,0,0,0,1,0.5,0,0.25,0,1,0.5,0.25,0.25,1,0.25,0.25,0.25,0.25,0.25,0.25,0,1
"52","201203",0.25,0,0.25,0,0.25,0.25,0,0.75,0.5,0,0,0.25,0,0.25,1,0.25,0.5,0,1,0.25,0.25,0.5,0,0,0,0.5,0,0.5,0,0,1,0,0,0.25,0,0.25,0,0.5,0.25,1,0,1,0,0,0.5,0,0.5,0,0.5,0.25,0,0.25,0.25,0,1,0,0,0,0,1,0,0.25,0,1,0,0,0,0,0,0.25,0,1
"53","201204",0.8,0,0.6,0,0.8,0,0,1,0.8,0,0.8,0.8,0,1,0,0,1,0,1,0.2,0.2,0.4,0.8,0,0.2,1,1,1,1,1,1,1,0.4,0.6,0.4,0,1,0,0,1,0.2,1,0.8,0.2,0,0.2,0.4,0.8,0.2,0.2,0.4,0.2,0.4,0,1,1,0,0.8,0,1,0,0.2,0.8,1,0.2,0,0,0.8,0.2,1,0,1
"54","201205",0.75,0.75,0.75,0.75,0.75,0.75,0.75,1,0.75,0.75,0.75,0.75,0.75,1,0.75,0.75,0.75,0.75,1,1,0.75,0.75,0.75,0.75,0.75,1,1,1,1,1,1,0.75,1,0.75,0.75,0.75,0.75,0.75,1,1,0.75,1,0.75,0.75,0.75,0.75,0.75,1,0.75,0.75,0.75,0.75,0.75,0.75,1,1,0.75,0.75,0.75,1,0.75,0.75,1,1,0.75,0.75,0.75,1,0.75,1,0.75,1
"55","201206",0.5,0.25,0.25,0,0,0.25,0,0.25,0,0,0,0,0,1,0,0,0,0,1,0.25,0.25,0,0,0,0,0.5,0,0,0,0,1,0,0,0.25,0,0,0.5,0,0,1,0,1,0,0,0.5,0,0.25,0,0,0,0,0,0,0,1,0,0.5,0,0,1,0,1,0.25,1,0.25,0,0,0,0,0.25,0,1
"56","201207",0.6,0,0.2,0,0.2,0,0,0.8,0.4,0,0.4,0.2,0.2,1,0.2,0,0,0,1,0.2,0.2,0.8,0.2,0,0,0.2,1,0.2,0.2,0.2,1,0,0,0,0,0.2,1,1,0.4,1,0,1,0,0,0.4,0.6,0,0,0.2,0,0.2,0.2,0.4,0.4,1,0.2,0,0,0.4,1,0.2,0.2,0.4,0.4,0.2,0,0,0.2,0.2,0.2,0.2,1
"57","201208",0.5,0,0.5,0,0,0,0,0.5,0.5,0.25,0,0.25,0,1,0.25,0,0.25,0,1,0,0,0.25,1,0,0,0,0.5,0.5,0.25,0,1,0.25,0,0.25,0,0.25,1,0.5,0,1,0.25,1,0,0,0,0,0.5,0,0.5,0,0,0,0.5,0,1,0,0,0,0,1,0.25,0,0,0,0.25,0.25,0.25,0,1,0,0.25,1
"58","201209",0.6,0.2,0.4,0,0.2,0.4,0,0.4,0.8,0,1,0.6,0,1,0.4,0.2,0.4,0.4,1,0.6,0.2,0.4,1,0.2,0.4,1,0.6,0.8,0.4,0.2,1,0,0,0,0.2,0,0.6,0.8,0.6,0.8,0.6,1,0.8,0.8,1,0.6,0.6,0.2,0.6,0.2,0.2,0.4,0.4,0,1,0.6,0.4,0.4,0,1,0.6,0.4,0.2,0.6,0.6,0,0.8,0.6,1,0.2,0.2,1
"59","201210",0.5,0.5,1,0.25,0.25,0.5,0.25,0.5,0.5,0.25,0.5,0.5,0.25,1,0.25,0.25,1,0.25,1,0.25,0.25,0.25,1,0.25,0.25,0.5,0.25,0.5,0.75,0.5,1,0.25,0.5,0.5,0.25,0.5,0.5,1,0.75,0.75,0.25,1,0.5,0.25,0.25,0.25,0.75,0.5,1,0.25,0.25,0.25,0.5,0.5,1,0.5,0.25,0.25,0.5,1,0.75,0.25,0.5,0.75,0.25,0.25,0.5,0.5,1,0.25,0.25,1
"60","201211",0,0,0,0.25,0.25,1,0.25,1,0.75,0.5,0.5,0,0,1,0,0,0.25,0.5,0,0,0.75,1,0.5,0.25,1,0,0,0,0.25,0.75,0,0,0,1,0.25,0.75,0,0,0,0,0.5,0.5,0.5,0.75,0,0,1,0.75,0,0.25,0,0.25,0,0,0,0,0.5,0,0,0,0.75,0.25,0.5,1,0.5,0.75,0.5,0,0.25,0,0,0.5
"61","201212",0.75,0,0.75,0,0.25,0.75,0.5,0.5,1,0.25,0.75,1,0.25,0.5,0,0.5,0.25,0.75,1,0.75,0.75,0.75,0.75,0.25,0.25,1,1,1,0.5,1,1,0.25,0.25,0.5,0,0.5,1,1,0.5,0.5,0.25,1,0.25,0.5,0.75,0.75,0.75,0.75,0.5,0.75,0.75,0.5,0.75,0.25,1,0.75,0,1,0,1,0.75,0.75,0.5,1,1,0.25,0.25,0.5,0.25,0.5,0.25,1
"62","201301",0.75,0,0.5,0,0.5,0.25,0.25,0.5,1,0,0,1,0,0,0,0,0,0,1,0,0.25,0.25,0,0,0,0.75,0.25,0.25,0,0.25,0.25,0,0,0.25,0,0.5,1,1,0.25,0.25,0.25,1,0.25,0.25,0,0.25,0.5,0.25,0,0,0.25,0,0.25,0.25,1,0,0,0,0,1,0.75,0,0,0.75,0.75,0,0.25,0.5,0.5,0,0.75,1
"63","201302",0.75,0.75,0.75,0,0.25,0,0,0.5,1,0.25,0.5,1,0,0.25,0.25,0,0.75,0.25,1,0.5,0.75,0.25,0.75,0,0.25,1,0.25,1,0.5,0.75,0.25,0.5,0.25,0.5,0.25,0.25,1,1,0.5,0.5,0.25,1,0.75,0.5,0.75,0,0.75,0.25,1,0.25,0.25,0.5,0.75,0.5,1,0,0.25,0.25,0,1,0.5,0.25,0.5,0.75,0.5,0.25,0.25,0.75,0.5,0.75,0.5,1
"64","201303",0.6,0,0.8,0.2,0.4,0.2,0,0.4,0.8,0.4,0.4,1,0.4,0.2,0,0,0,0.2,1,0.6,0.6,0.2,0,0,0,0.6,0.4,1,0.4,0.6,0.6,0.2,0.4,0.8,0,0.4,1,0.2,0.4,0.6,0.2,1,0.4,0.6,0.4,0,0.4,0,0.8,0.2,0.2,0.2,0.6,0.4,1,0,0.2,0.4,0.4,1,0.8,0.2,0.4,0.6,0.8,0.4,0.4,0.2,0,0.6,0.4,1
"65","201304",1,0.25,0.25,0,1,0.25,0.25,1,0,0,1,1,0.25,0.25,0,0.5,0,0.25,1,0.25,1,0.25,1,0.25,0.25,1,1,0.25,0.75,1,1,0.25,0.5,1,0.5,0.25,1,0,0,0.25,0.5,1,0.75,1,0.75,0.5,0,0,1,0,0.5,0.25,1,0.5,1,0.25,0.25,0.5,0.5,1,1,1,1,1,0.25,0.75,0.75,1,0.75,1,0.75,1
"66","201305",0.75,0.25,1,0,0,0,0,1,0,0,0,1,0,0,0.25,0,0.25,0,1,1,1,0.5,1,0.5,0,1,1,0.25,0,0,1,0,0,0,0,0.25,1,0.25,1,0.25,0.75,1,0,1,1,1,0,0,0,0,1,0,1,0.25,1,0.25,0,0,0.25,1,0,0,1,0,0.5,0,0,0,0.25,1,0,1
"67","201306",0.6,0.2,0.6,0,0.4,0.4,0,1,0.8,0.6,0.2,1,0,0.2,0,0,0.8,0,1,0.6,1,0.2,0.4,0,0.2,0.6,0.2,0.4,0.6,0,0,0,0,0,0,0,0.6,0,0.8,0,0.2,1,0,0.2,0.6,0.2,0.8,0,0.6,0,0.8,0,1,0,1,0,0,0,0,1,0,0.2,0.4,0.6,0.2,0.4,0,0.4,0.2,0.6,0.8,1
"68","201307",0.857142857142857,0.571428571428571,0.714285714285714,0.428571428571429,0.714285714285714,0.571428571428571,0.428571428571429,0.857142857142857,0.857142857142857,0.428571428571429,0.571428571428571,1,0.428571428571429,0.571428571428571,0.428571428571429,0.428571428571429,1,0.571428571428571,1,0.714285714285714,1,0.714285714285714,0.571428571428571,0.428571428571429,0.428571428571429,0.857142857142857,0.857142857142857,0.857142857142857,0.428571428571429,0.714285714285714,0.571428571428571,1,0.571428571428571,0.857142857142857,0.714285714285714,0.428571428571429,0.428571428571429,0.428571428571429,0.571428571428571,0.571428571428571,0.571428571428571,1,0.714285714285714,0.714285714285714,0.714285714285714,0.571428571428571,0.571428571428571,0.428571428571429,1,0.428571428571429,0.714285714285714,0.428571428571429,1,0.571428571428571,1,0.714285714285714,0.571428571428571,0.428571428571429,0.571428571428571,1,0.571428571428571,0.571428571428571,0.714285714285714,0.571428571428571,0.571428571428571,0.714285714285714,0.714285714285714,0.571428571428571,0.714285714285714,0.857142857142857,0.714285714285714,1
"69","201308",1,1,1,1,1,1,1,1,1,1,1,1,1,1,1,1,1,1,1,1,1,1,1,1,1,1,1,1,1,1,1,1,1,1,1,1,1,1,1,1,1,1,1,1,1,1,1,1,1,1,1,1,1,1,1,1,1,1,1,1,1,1,1,1,1,1,1,1,1,1,1,1
"70","201309",0.4,0.2,1,0.2,0.6,0.2,0.2,1,1,0.2,0.4,1,0.2,0.2,0.4,0.2,0.6,0.2,1,0.6,1,0.4,0.2,0.2,0.2,0.2,1,0.8,0.8,0.2,0.4,0.4,0.6,0.4,0.4,0.2,0.6,0.4,0.8,0.8,0.6,1,0.8,0.4,0.4,0.2,0.8,0.4,0.8,0.2,0.2,0.2,1,0.4,1,0.8,0.2,0.2,0.2,0.2,0.2,0.4,0.4,0.6,0.6,0.6,0.6,0.8,1,0.6,0.8,1
"71","201310",1,1,1,1,1,1,1,1,1,1,1,1,1,1,1,1,1,1,1,1,1,1,1,1,1,1,1,1,1,1,1,1,1,1,1,1,1,1,1,1,1,1,1,1,1,1,1,1,1,1,1,1,1,1,1,1,1,1,1,1,1,1,1,1,1,1,1,1,1,1,1,1
"72","201311",1,0,1,0,0,0.5,0,1,1,1,0.5,1,0,1,0,0.25,1,0,1,0,0.75,1,0.25,0.25,0.25,1,1,1,1,0.75,1,0.25,0,0.5,0,0.75,1,1,1,0,0.25,1,1,0,0.25,0.25,0.5,1,0,0,1,0,1,0.75,1,0.25,0,0,1,1,0.75,0,0.5,0.75,1,0.75,0,1,0.75,1,1,1
"73","201312",0.5,0,0.833333333333333,0,0.5,0.666666666666667,0.333333333333333,1,1,0,1,1,0.166666666666667,0.5,0,0.666666666666667,0.166666666666667,0,1,0.833333333333333,0.833333333333333,1,0.833333333333333,0.333333333333333,1,1,0.333333333333333,1,0.666666666666667,0.833333333333333,0.666666666666667,0.833333333333333,0.666666666666667,0.666666666666667,0,0.833333333333333,1,1,0.333333333333333,0.666666666666667,1,1,0.5,0.833333333333333,0.666666666666667,0.666666666666667,0.666666666666667,0.666666666666667,0.666666666666667,0.666666666666667,1,0.833333333333333,0.666666666666667,0.666666666666667,1,0.5,0.5,0.666666666666667,0.166666666666667,0.833333333333333,0.5,0.666666666666667,0.5,0.666666666666667,1,0,0.666666666666667,0.833333333333333,0.833333333333333,0.833333333333333,0.666666666666667,1
"74","201401",0.5,0,0.75,0.5,0,0,0.5,1,0.5,0,0.25,1,0,0,0,0,0.75,0,1,0.5,0.5,0.25,0.5,0,0,0.75,0.5,1,0,0,0.5,0.5,0.25,1,0.25,0.25,0.75,0.5,0.25,0.25,0,1,0.25,0,0.5,0,0.25,0.75,0,0,0.5,0.25,0.5,0.25,0.25,0.75,0,0,0,0.25,0,0.25,0.25,0.5,1,0,0.5,0.75,0.25,0.25,0.75,1
"75","201402",0.5,0.5,0.75,1,0.5,0.5,0.25,1,0.75,0.75,1,1,0.25,1,1,0.25,0.75,1,1,1,1,1,1,0.5,0.25,0.5,0.75,0.75,1,1,0.75,1,1,1,1,0.75,1,1,0.75,0.75,0.75,1,0.25,0.75,1,0.25,1,1,0.75,0.25,1,0.5,0.75,0.75,1,1,0.75,0.5,0.75,1,0.25,0.5,0.75,1,1,0.25,1,0.5,1,1,1,1
"76","201403",0.8,0.8,0.8,0,0.8,0,0,1,0.8,0,0.2,0.2,1,0,0,0.8,0,0,1,0,1,0.8,1,0.8,0.8,1,0.6,1,0.2,0.8,0,0,0,0,0,0.2,1,0.8,0,0.8,0.8,1,0.8,0,0.8,0.8,0.8,0.8,1,0,0,0,0.8,0,0.8,1,0.8,0,0.8,0.6,0.2,0.8,0.8,0,1,0,0,1,1,1,0.8,1
"77","201404",0.25,0.25,0,0,0.25,0,0,1,0,0,0.25,0,0,0.25,0.25,0.25,0.25,0,1,0.25,1,0.25,0.25,0,0.25,1,0,1,0.75,0.25,0,0,0,0,0,0,0,0.25,0,0,0.25,1,0.25,0.25,0,0.25,0.25,0.25,1,0.25,0.25,0,1,0.25,0,0.25,0,0,0.25,1,0,0.75,0.25,0.25,1,0,0,0.75,0,1,0.25,1
"78","201405",0,0,0.5,0,0,0,1,1,0,0,0,0.25,0,1,0,0,0.75,0,1,0,1,0,0,0,0,0,0,1,0.75,0,0.25,0,0.25,0,0,0,1,1,1,1,0,1,0,0,0,0,0,1,0.75,0,0,0.25,1,0.25,0,0,0,0.25,1,0,1,0,0.25,0,0.25,0,0.25,1,0,1,0,1
"79","201406",1,0,1,0,1,0,0,1,1,0,0.8,0.2,0,0,0.2,0.4,0.8,0.2,1,1,1,0,0.8,0,0,1,0.2,1,1,1,0.8,0.2,0.2,1,0.2,0.2,1,1,0.4,0.8,0,1,0.2,0,1,1,1,0.6,0.2,0,1,0.2,1,0.8,1,0,0.8,0.2,1,1,0.4,0.4,1,1,0.2,0.4,0,1,1,1,0.6,1
"80","201407",0.5,0,1,0,1,0.5,0.5,1,1,0.25,0.25,1,0.5,0.75,0,1,0.75,0.75,1,1,1,0.25,0.75,0.5,0.5,1,1,0.75,1,1,0.75,1,1,1,0.25,1,1,1,1,0.5,0.75,1,0.5,0.75,1,1,1,0.75,1,1,0.75,0.25,1,0.25,1,0.5,0.5,0.5,0.5,1,1,0.5,0.5,0,1,1,0.75,0.5,0.75,1,1,1
"81","201408",0.2,0.2,0.8,0,0,0.4,0.2,0.6,0.6,0,0.2,0.2,0.4,0.4,0.2,0.6,0.8,0.2,0.8,0.4,0.4,0.4,0.8,0.4,0.6,0.8,0.6,0.4,0.8,0.8,0.2,0.8,0.6,0.2,0.2,0.2,0.8,0.8,0.6,0.2,0.6,0.2,0.2,0.4,0.6,0.4,0.6,0.6,0.4,0.4,0,0.6,0.6,0.8,0.2,0,0.4,0.2,0.4,0.8,0.2,0,0,0.6,0.4,0.8,0.4,0.4,0.2,0.2,0.2,0.8
"82","201409",0.75,0.75,0.75,0.5,0.75,0.5,0.75,0.75,0.5,0.5,0.5,0.5,0.5,0.5,0.75,0.5,0.5,0.5,0.75,0.75,0.75,0.5,0.75,0.5,0.5,0.75,0.75,0.75,0.75,0.5,0.75,0.75,0.5,0.75,0.75,0.75,0.5,0.75,0.5,0.75,0.5,0.75,0.5,0.5,0.75,0.5,0.75,0.5,0.5,0.5,0.75,0.75,0.5,0.75,0.75,0.75,0.75,0.5,0.75,0.75,0.5,0.5,0.5,0.5,0.5,0.75,0.5,0.75,0.75,0.75,0.5,0.75
"83","201410",1,0,1,0,1,0,0,1,1,1,1,0.5,0,1,0,0,0.75,0,1,1,1,0.5,0,0,0,1,1,1,1,0,0,0,0,0,1,1,1,1,0.75,0.75,0.75,1,1,0,0.75,0.75,1,0,0,0,1,1,0.25,1,1,1,1,0.5,0.25,1,1,0.5,1,0.5,0,1,1,0.75,0.75,1,0,1
"84","201411",1,0.8,1,0,1,0.8,0.6,1,1,0.8,0.8,0.6,1,1,0,0.2,0.8,0,1,0.8,1,0.8,0.2,0,0.8,1,1,1,0.8,0.8,0.2,0.4,0,0.2,0.8,1,0.8,0.2,0.8,0.4,0.4,0.2,0.8,0,0.8,0.6,0.8,0.2,0.8,0.8,1,1,0.6,1,0.8,0.8,1,0.6,0.6,1,0.6,0.6,0.6,0,0,1,1,0.4,0.8,0.6,1,1
"85","201412",1,0.75,1,0.5,1,0.75,0.75,1,1,0.75,1,1,0.75,1,0.5,0.5,1,0.75,1,1,0.75,0.5,1,0.5,0.5,1,1,1,0.75,0.5,1,0.75,0.25,0.75,0.75,1,0.75,0.5,0,0.5,1,1,1,0.5,0.75,0.75,1,0.5,0.25,0.25,1,1,0.75,1,0.5,0.25,1,0.5,0.75,1,1,0.75,0.75,0.75,0.25,1,1,1,0.75,1,1,1
"86","201501",1,1,1,0,0.25,0.5,0.75,1,0.75,1,0.75,1,0.25,1,0.75,0.5,1,0.25,1,0.5,1,0.25,1,0.5,0.75,0.75,0.75,1,1,0.75,0.5,0.5,0,0.25,0.25,1,0.25,0.25,0,0.25,1,1,0.75,0.5,0.5,0.25,1,0,0.5,0.25,0.75,0.5,0.75,1,0.75,1,0.75,0.25,0.25,0.5,0.25,0.25,0.75,0.5,1,1,1,0,1,0.75,1,1
"87","201502",1,1,1,0.25,1,0,0.75,1,0.25,0.75,0.5,1,0.25,1,1,0.75,1,0.5,1,0.75,1,0.75,1,0.5,1,1,1,1,1,0.25,0.75,1,0.25,0.5,0,1,0.75,1,0.5,0.5,1,1,1,0,0.5,0.25,0.5,0.5,0.5,1,0.75,1,0.75,1,1,1,1,0.5,0.5,1,0.5,0.75,0.75,0,1,1,1,1,1,1,0.25,1
"88","201503",1,0.4,1,0.2,0.8,0.4,0.8,1,1,0.2,0.8,1,0.4,1,0,1,1,0.8,1,1,0.8,0.6,0.2,0.6,0.2,1,1,1,0.8,1,0.8,0.8,0,0.8,0.2,1,0.8,0.8,0,1,0.8,1,0.8,0.2,0.6,0.2,0.6,0.4,0.6,1,1,1,0.6,0.8,1,1,0.4,0.6,0.6,1,0.4,0.2,0.2,0.4,0.8,1,0,0.6,1,0.8,1,1
"89","201504",1,0.25,1,1,0.25,1,0.75,1,1,0,1,1,0.75,1,0.25,1,1,0.75,1,1,0.75,0.75,1,1,0,1,1,1,1,1,1,0.25,0,1,1,1,1,0.75,0,1,1,1,1,1,1,0,1,0,0.5,1,1,1,1,1,1,1,1,0,1,1,0.75,0.75,1,1,0,1,0.75,1,1,1,1,1
"90","201505",0.4,0.2,1,0,0.4,1,0.2,0.8,1,0.2,0.2,0.2,0,0.2,0.2,0.2,0.6,0.4,0.4,0.4,1,0.8,1,0,0,0.4,0.4,0.6,0.4,0.2,0.4,0.2,0,0.2,0.2,1,0.4,1,0,0.4,0.2,0.4,0.2,0.4,0.2,0,0.2,0.4,0,0.2,0.2,0.2,0.4,0.4,0.4,0.8,0.8,0.4,0.2,1,0.2,1,0.8,1,0.2,1,0.8,0.4,1,1,1,1
"91","201506",1,0.25,1,0.5,0.75,0.5,0.25,1,1,0.75,0.5,0.75,0.5,0,0.25,0,1,0.75,1,0.5,1,1,1,0,0,1,1,1,1,0.5,0.75,0.75,0,0.25,0.25,1,1,1,0,0.25,0,1,0.25,0.25,0.5,0.5,0.5,0.5,0.25,0.25,0.5,0.5,1,0.25,0.75,0.25,0.5,0,0.75,1,0.5,0.25,0.5,0.25,0.75,1,0.5,1,0.5,0.75,1,1
"92","201507",0.5,0.75,1,0,0.25,0.75,0.25,1,0.75,0.5,0.75,0.75,0.25,0.5,1,0.25,0.5,0.5,1,1,1,1,0.25,0,0,1,1,1,0.25,0.5,0.75,0,0,0.5,0.25,1,1,1,0.75,0.25,0,1,0.25,0.5,1,0.75,0.75,0,0.25,0,1,0.75,0.5,0.75,0,0,0.25,0.25,1,0,1,0.5,1,0.5,0.25,0.25,0.75,0.5,0.75,1,1,1
"93","201508",0.2,0.4,1,0,0,0,0.4,0.6,1,0.4,0.4,0.4,0.2,0.4,0.4,0.2,0.2,0,0.8,0.4,0.8,0.4,0.2,0,0,0.6,0.6,0.2,0.4,0.2,0.6,0,0.4,0.6,0.4,1,0.4,0.6,0.4,0.4,0,0.8,0.2,0.2,0.8,0,0.4,0,0.4,0.4,1,0.2,0.4,0.4,0,0.2,0.6,0.4,0.6,0.2,0.2,0,1,0.2,0,0.8,0.6,0.6,0,0.6,0.8,1
"94","201509",0,0,1,0,0.25,0,0,0.25,1,0.25,0.25,0.25,0.25,1,0.25,0.25,0.25,0.25,0,1,1,0,1,0,0.25,0.25,0.25,0.25,0.25,0.25,0.25,0.25,0.25,0.25,0.25,1,0.5,0.25,0.25,0,0.25,0.25,1,0.25,1,0.25,0.5,0.25,0,0,1,0.25,0.25,0.25,0,1,1,0.25,0.25,0.25,0.5,0,0.5,0.75,0.25,0,0.25,0.25,0,0.25,0.25,1
"95","201510",0.25,0.25,1,1,0.25,0,1,1,1,0,0,0,0,1,0,1,1,0.5,1,1,1,0.75,0,0,0.25,0.5,1,1,1,1,1,0.25,0,1,1,1,0.25,0,0.75,0,1,1,0,1,1,0.25,1,0,0.5,1,1,1,0.75,1,1,0,1,0.25,0.5,1,0.5,0.5,0,0.75,0.5,1,0,1,0,1,1,0
"96","201511",1,0,1,0.8,0.2,0,0.6,0.8,0.8,0.8,0.6,0.8,0.6,0.6,1,0.8,1,0.4,1,1,1,0.8,0.2,0,0,1,0.8,1,1,0.8,1,0.4,0.2,0.8,0.4,1,0.2,0,0,0.6,0,0.2,1,0.4,0.8,0.4,0.8,0,0.2,0.6,1,0.4,0.8,0.2,1,0.2,0.8,0.6,0.6,0,0.8,0.4,0.2,0.6,0.6,0.2,0.2,0.8,0.6,0.8,1,1
"97","201512",1,0.25,1,0,1,0.5,0.5,1,1,0,1,1,0.25,0.25,1,1,0.75,0,1,1,1,0.75,1,1,0.75,0.75,1,0.75,0.75,1,1,0.75,0.5,0.5,0.75,1,0.75,0.75,0.5,0.75,1,0.25,0.5,0.75,1,0.25,1,1,0.25,0.25,1,0.75,1,1,0.5,1,1,1,0.5,0.5,0.75,0.25,1,0.75,1,1,0.25,1,0.25,1,1,1
"98","201601",0,0.4,1,0.8,0,0,0.2,1,0.6,0.6,0.6,0.6,0.4,0.2,0.6,0.6,0.8,0.4,1,1,1,0.4,0.6,0.2,0,0.8,0.2,0.2,0.2,0.6,0.8,0.6,0.2,0.6,0.4,1,0.8,1,0.4,0.8,0.8,0.8,0.2,0.4,0.2,0.2,0.4,0.6,0,0.6,0.8,0.4,0.4,0.4,1,0,0.6,0.8,0.8,1,0.4,0.4,0.8,0.6,1,0.2,0.4,0,0.6,1,1,1
"99","201602",0.25,0.75,1,0,0,0,0.25,1,1,0.5,0.75,0.75,0.75,1,1,1,0.5,1,1,1,1,1,1,0.25,0.75,1,0,0.25,0.75,1,1,0.75,0,0,0,1,1,0.75,0.75,0,1,1,1,0.75,0,0.25,0,0.75,0.75,0.75,1,0,0.25,1,1,0,1,0.75,1,1,1,1,0.75,0.5,0.75,1,0.75,0.25,1,1,1,1
"100","201603",0.25,0.75,1,0,0.25,0,1,1,0.75,0,0.25,0.25,0.25,1,1,0.5,0,0.25,1,0,1,1,1,1,0.75,1,0,0,0.25,0.25,0.75,0,0.25,0.25,0.25,1,0.5,0.25,0,1,1,1,1,0.25,0.25,0,0.75,0.25,0.25,0.25,1,0.25,0.5,1,1,0,1,0,0.25,1,1,0.5,0.25,0.5,0.5,1,0,1,0.25,1,1,1
"101","201604",1,0.25,1,1,0,0.25,1,1,1,0.25,1,1,0,1,1,0.25,0,0.5,1,1,1,1,1,1,0,1,0,0,0,0.5,1,0.5,0,1,0.25,1,0.75,0.25,0,1,0.5,0.75,1,0.75,1,0,1,0,0,0.75,1,0,0.25,1,1,0,1,0.5,0.25,1,0.75,0,0,0.5,0,1,1,0.25,0.25,1,1,1
"102","201605",0.6,0.6,1,0,0.2,0,1,1,0.8,0,1,1,0.2,1,1,0.2,1,0,1,1,1,0.8,1,0,0,1,0,0.2,0.6,1,0.2,0.2,0,0,0,1,0.4,0,0,0.6,0.6,0.4,0.2,0.2,0.6,0,0.2,0,0.2,0.4,1,0,0.6,0.8,1,0,0.4,0.2,0.8,1,0.4,0,0.2,0.6,0.4,1,0.2,0.2,0.4,1,1,1
"103","201606",1,0.5,1,0,1,0,1,1,1,0.25,1,1,0,1,1,0.25,0.25,0,1,1,1,0.75,1,0,0,1,0.25,1,0.75,0.75,0.5,1,0.5,0,0.75,1,1,0.25,0.75,1,0.5,0.25,1,0.5,0.75,0.25,0.75,0,0,0.5,1,0,0.5,0.25,0.5,0.25,0.75,0.5,0.5,0.5,0.5,0.75,0.25,0.75,0.25,1,1,0,0.25,0.5,1,1
"104","201607",1,1,1,0,0,0.4,1,0.4,0.8,0,0,0.6,0,1,1,0.4,0.8,0.2,1,1,1,0.8,1,0.4,0,1,0.2,0.2,0.4,1,0.8,0,0.8,0.2,0.2,1,1,0,0,0.2,0.6,1,1,0.8,0.8,0.2,0.8,0,0,0.2,1,0.4,0.4,1,1,0,1,0.8,0.4,0.4,0.6,0.4,0.6,1,0.2,1,1,1,0,0.8,1,1
"105","201608",1,0,1,0,0,0.666666666666667,1,1,0.666666666666667,0.333333333333333,0.666666666666667,0.666666666666667,0.666666666666667,1,1,0,1,0.333333333333333,1,1,1,0.666666666666667,1,0,0,1,0,1,0.333333333333333,1,0,0,0.333333333333333,1,0.666666666666667,1,1,0,0.333333333333333,1,0.666666666666667,0.333333333333333,1,0.333333333333333,1,0,1,0,0.333333333333333,0.333333333333333,1,0,0.333333333333333,1,1,0,1,0.666666666666667,0,0.666666666666667,0.333333333333333,0,0.666666666666667,0.666666666666667,1,1,1,1,0.666666666666667,1,1,1
"106","201609",1,0.333333333333333,1,0,1,0.333333333333333,1,1,1,0.333333333333333,0.666666666666667,0.666666666666667,0.333333333333333,1,1,0.666666666666667,1,0.666666666666667,1,1,1,0.666666666666667,1,0,0,1,0,1,0,1,0.666666666666667,1,0.333333333333333,1,0,1,1,0,1,1,1,1,1,0.333333333333333,1,0,1,1,0.666666666666667,0.666666666666667,1,0,0.333333333333333,1,1,1,0.666666666666667,0.333333333333333,0,0.666666666666667,1,0.333333333333333,0.333333333333333,0.333333333333333,1,1,1,1,0.333333333333333,1,1,1
"107","201610",1,1,1,0,1,0,1,1,0.666666666666667,1,1,1,1,1,1,1,1,0.333333333333333,1,1,1,1,1,0,0,1,0,1,0,1,1,0,0.333333333333333,1,0.333333333333333,1,1,1,0,1,1,1,1,0.666666666666667,0.333333333333333,0,0,0,0.666666666666667,0.333333333333333,1,0,0.333333333333333,1,1,1,0.666666666666667,1,0.666666666666667,0.666666666666667,0.666666666666667,0.666666666666667,0,0.666666666666667,0,1,1,0,1,1,1,1
"108","201612",1,1,0.25,0,0.75,0.5,0,1,1,0,1,1,1,0,1,1,1,1,1,1,1,1,1,0,0.5,1,0,1,0.25,1,1,0.25,0,0,0.25,1,1,0.25,0,1,0.25,1,1,0.25,1,0.25,0,0,0.25,1,0.25,1,0.25,1,1,1,1,0.25,1,1,1,0,1,1,0.25,1,1,0,0,1,0,1
"109","201701",1,0.8,1,0,0,0.2,0.6,1,1,0,1,1,0.8,1,1,0.8,1,1,1,0.2,1,0.8,1,0.8,0.2,1,0.8,1,1,1,1,1,0,0,0,1,0.2,0,0,1,0,1,1,1,1,0,0.2,0,0,1,0.2,0,0.6,1,1,0,1,0.2,1,1,1,1,0,0.6,0.2,1,1,1,1,1,1,1
"110","201702",1,0.25,0.75,0,0,0,1,1,1,0,1,1,0.25,1,1,0.25,1,0.75,1,0.75,1,0.75,1,0,0,0.5,0.5,1,1,1,1,0.75,0,0,0.75,1,0.75,0,0.25,1,0.25,1,1,1,1,0,1,0.25,1,0.5,1,1,0.5,1,0.75,0.25,1,1,1,1,1,0.75,0.25,1,0,1,1,1,0.25,1,1,1
"111","201703",1,1,0,0,0,0.666666666666667,1,1,1,0,1,1,1,1,1,1,1,0,1,0.333333333333333,1,0.333333333333333,1,0,0,0.666666666666667,0.666666666666667,1,1,1,0,0,0,0,0,1,0,0,0,1,0.333333333333333,1,1,1,0.333333333333333,0.333333333333333,1,1,1,1,1,0.333333333333333,1,1,1,0,1,0,1,1,1,0,0,1,0,1,1,1,0,1,1,1
"112","201704",1,1,0,0,0,0.75,0,1,1,0,1,1,1,1,0.75,0.75,0.75,0,1,0.5,1,1,1,0,0.25,0.5,0,0.25,0,1,0.25,0,0,1,0.25,1,0.25,0,0,0.5,0,1,1,1,0,0,1,0,1,1,1,1,0.75,1,1,0,1,0.25,1,0,1,0,0,1,0,1,1,1,1,1,1,1
"113","201705",1,1,0,0,0,0,0,0.666666666666667,0.333333333333333,0,1,1,1,1,0,0,0,0,1,0.333333333333333,1,0.666666666666667,1,0,0,0.666666666666667,0,0.333333333333333,0.666666666666667,1,1,0,0,1,0,1,1,1,0,0,0,0.333333333333333,1,1,0,0,1,0,0,0.666666666666667,1,0.666666666666667,1,1,1,0,1,0.333333333333333,1,0,1,0,0,0.666666666666667,0.333333333333333,0,0.333333333333333,0.666666666666667,0,1,1,1
