RCSI,RCSI_predict
20,.52178651
0,.52178651
5,.52178651
22,.52178651
23,.52178651
39,.52178651
0,.52178651
0,.52178651
22,.52178651
17,.52178651
3,.52178651
22,.52178651
0,.52178651
16,.52178651
5,.52178651
3,.52178651
0,-3.4748781
0,-3.4748781
27,-3.4748781
0,-3.4748781
0,-3.4748781
0,-3.4748781
0,-3.4748781
0,-3.4748781
0,-3.4748781
13,-3.4748781
2,-3.4748781
0,-3.4748781
20,-3.4748781
0,-3.4748781
1,-3.4748781
28,-3.4748781
0,-3.4748781
0,-4.359983
10,-4.359983
11,-4.359983
2,-4.359983
5,-4.359983
30,-4.359983
8,-4.359983
8,-4.359983
2,-4.359983
2,-4.359983
0,.12994945
0,-4.359983
4,-4.359983
4,-4.359983
7,-4.359983
4,-4.359983
13,-1.5045501
6,-1.5045501
14,-1.5045501
2,-1.5045501
0,-1.5045501
2,-1.5045501
4,-1.5045501
21,-1.5045501
2,-1.5045501
0,-1.5045501
5,-1.5045501
0,-1.5045501
2,-1.5045501
0,-1.5045501
11,-1.5045501
8,-1.5045501
0,-1.5045501
0,-1.5045501
0,-1.5045501
0,-2.5341258
9,-2.5341258
4,-2.5341258
0,-2.5341258
0,-2.5341258
0,-2.5341258
0,-2.5341258
0,-2.5341258
0,-2.5341258
0,-2.5341258
0,-2.5341258
0,-2.5341258
0,-2.5341258
0,-2.5341258
16,-4.6165843
0,-4.6165843
16,-4.6165843
5,-4.6165843
29,-4.6165843
29,-4.6165843
16,-4.6165843
35,-4.6165843
13,-4.6165843
24,-4.6165843
6,-4.6165843
0,-2.4253705
0,-2.4253705
0,2.0645618
8,-2.4253705
12,-2.4253705
0,-2.4253705
0,-2.4253705
0,-2.4253705
0,-2.4253705
0,-2.4253705
5,-2.4253705
0,-2.4253705
0,-2.4253705
0,-2.4253705
0,-2.4253705
0,-2.4253705
3,-2.4253705
12,-1.4520415
0,-1.4520415
0,-1.4520415
2,-1.4520415
3,-1.4520415
0,-1.4520415
0,-1.4520415
0,-1.4520415
0,-1.4520415
0,-1.4520415
0,-1.4520415
0,-1.4520415
4,-1.4520415
0,-1.4520415
0,-1.4520415
0,-1.4520415
0,-1.4520415
0,-1.4520415
0,-2.0882094
2,-2.0882094
0,-2.0882094
0,-2.0882094
3,-2.0882094
2,-2.0882094
0,-2.0882094
2,-2.0882094
0,-2.0882094
0,-2.0882094
4,-2.0882094
2,-2.0882094
0,-2.0882094
0,-2.0882094
0,-2.0882094
0,-2.0882094
11,-2.0882094
0,-2.0882094
3,-2.0882094
4,-2.0882094
35,-2.0882094
0,2.5589437
0,2.5589437
0,2.5589437
9,-1.9309886
0,2.5589437
0,2.5589437
0,2.5589437
11,-6.350718
8,-6.350718
0,-6.350718
0,-6.350718
8,-6.350718
0,-6.350718
1,-6.350718
2,-6.350718
0,-6.350718
3,-6.350718
2,-6.350718
0,-6.350718
9,-6.350718
14,-6.350718
9,-6.350718
4,-6.350718
6,-6.350718
0,-6.350718
0,-6.350718
17,-2.91857
4,-2.91857
18,-2.91857
2,-2.91857
14,-2.91857
14,-2.91857
6,-2.91857
0,-2.91857
0,-2.91857
0,-2.91857
0,-2.91857
9,-2.91857
0,-2.91857
10,-2.91857
14,-2.91857
22,-2.91857
17,-2.91857
0,-2.91857
0,3.943465
2,3.943465
16,3.943465
16,3.943465
0,3.943465
6,3.943465
15,3.943465
4,3.943465
0,-.54646742
0,-4.617713
0,.40849456
0,.40849456
0,.40849456
0,.40849456
6,.40849456
0,4.898427
0,.40849456
3,.40849456
0,.40849456
0,.40849456
12,-4.0814376
0,.40849456
0,.40849456
0,.40849456
0,2.0080292
0,2.0080292
0,2.0080292
17,2.0080292
14,2.0080292
0,2.0080292
0,2.0080292
4,2.0080292
0,2.0080292
0,-2.4819031
0,2.0080292
0,2.0080292
0,-2.4819031
0,2.0080292
0,-8.7340956
0,-4.244163
2,-8.7340956
0,-8.7340956
2,-8.7340956
0,-8.7340956
7,-8.7340956
0,-3.1144905
11,-8.7340956
0,-4.244163
0,-6.1929498
0,-6.1929498
14,-1.7030175
0,.016541181
0,.016541181
0,.016541181
0,.016541181
3,.016541181
0,.016541181
1,.016541181
0,.016541181
0,.016541181
0,.016541181
0,.016541181
0,.016541181
0,.016541181
0,.016541181
1,2.8629272
0,2.8629272
7,2.8629272
10,2.8629272
0,2.8629272
0,2.8629272
10,2.8629272
16,2.8629272
1,-1.6270051
28,2.8629272
11,2.8629272
0,2.8629272
0,2.8629272
0,2.8629272
0,-1.6270051
0,3.9926
0,-2.3251038
0,-2.3251038
0,-2.3251038
0,-2.3251038
2,-2.3251038
0,-2.3251038
4,-2.3251038
0,-2.3251038
6,-2.3251038
2,-2.3251038
0,-2.3251038
0,-2.3251038
0,-2.3251038
6,-2.3251038
0,-2.3251038
0,-2.3251038
35,-2.3251038
1,.36731976
7,-4.1226125
0,.36731976
0,.36731976
1,.36731976
0,.36731976
0,.36731976
4,.36731976
0,.36731976
14,.36731976
0,.36731976
7,.36731976
8,.36731976
0,.36731976
3,-.30703405
4,-.30703405
21,-.30703405
2,-.30703405
9,-.30703405
17,-.30703405
5,-.30703405
26,-.30703405
0,-.30703405
0,-.30703405
0,-.30703405
0,-.30703405
2,-.30703405
21,-.30703405
15,-.30703405
0,-.30703405
19,-.30703405
2,-.30703405
0,.24262953
3,.24262953
0,.24262953
2,.24262953
0,.24262953
3,.24262953
0,.24262953
0,.24262953
0,.24262953
28,.24262953
0,.24262953
0,.24262953
0,.24262953
16,.24262953
0,.24262953
7,.24262953
1,.24262953
0,.24262953
7,.24262953
5,.21267214
15,.21267214
0,.21267214
11,-4.2772603
22,.21267214
0,.21267214
20,.21267214
16,.21267214
14,.21267214
18,.21267214
13,.21267214
8,.21267214
0,.21267214
21,-.46794948
0,-.46794948
3,-.46794948
0,-.46794948
10,-.46794948
0,-.46794948
1,4.0219827
4,-.46794948
7,-.46794948
0,-.46794948
3,2.6712883
11,2.6712883
9,2.6712883
6,2.6712883
34,2.6712883
15,2.6712883
0,2.6712883
3,2.6712883
6,2.6712883
2,2.6712883
14,2.6712883
2,2.6712883
3,2.6712883
0,2.6712883
21,2.6712883
3,4.3891096
10,4.3891096
14,4.3891096
17,4.3891096
14,4.3891096
0,4.3891096
13,4.3891096
8,4.3891096
6,-.10082266
15,4.3891096
9,4.3891096
0,1.9355649
16,1.9355649
11,1.9355649
2,1.9355649
13,1.9355649
0,1.9355649
8,1.9355649
11,1.9355649
0,1.9355649
21,1.9355649
5,1.9355649
12,1.9355649
16,1.9355649
0,-4.0068345
0,-4.0068345
5,-4.0068345
12,-9.6264391
0,-4.0068345
0,-4.0068345
0,-4.0068345
0,-4.0068345
0,-4.0068345
0,-5.136507
6,-3.7607121
0,-8.2506447
0,-2.6310394
0,-3.3173265
10,-3.3173265
0,-3.3173265
12,-3.3173265
13,-3.3173265
5,-3.3173265
4,-3.3173265
2,-2.1876538
12,-3.3173265
3,-3.3173265
2,-3.3173265
17,-3.3173265
2,-3.3173265
2,-3.3173265
16,-3.0970812
3,-3.0970812
0,-3.0970812
0,-3.0970812
10,-3.0970812
28,-3.0970812
0,-3.0970812
3,-3.0970812
0,-3.0970812
0,-3.0970812
0,-3.0970812
0,-3.0970812
0,-3.0970812
0,-3.0970812
0,-3.0970812
0,-3.0970812
0,-4.1522989
0,-4.1522989
0,-4.1522989
0,-4.1522989
0,-4.1522989
0,-4.1522989
2,-4.1522989
28,-4.1522989
0,-4.1522989
0,-4.1522989
28,-4.1522989
0,-4.1522989
0,-4.1522989
0,-4.1522989
5,-4.1522989
0,-4.1522989
3,-4.6659946
0,-4.6659946
18,-4.6659946
7,-4.6659946
0,-4.6659946
12,-4.6659946
0,-4.6659946
7,-4.6659946
7,-4.6659946
0,-4.6659946
14,-4.6659946
6,-4.6659946
4,-4.6659946
0,-4.6659946
14,-4.6659946
6,-4.6659946
0,-3.6519721
0,-3.6519721
0,-3.6519721
0,-3.6519721
10,-3.6519721
0,-3.6519721
21,-3.6519721
6,-3.6519721
0,-3.6519721
10,-3.6519721
9,-3.6519721
0,-3.6519721
7,-3.6519721
0,-3.6519721
0,-3.6519721
0,-3.6519721
2,-3.6519721
0,-8.6441727
2,-8.6441727
22,-8.6441727
0,-8.6441727
13,-8.6441727
0,-8.6441727
0,-8.6441727
0,-8.6441727
0,-8.6441727
0,-8.6441727
0,-8.6441727
0,-8.6441727
0,-8.6441727
0,-8.6441727
0,-8.6441727
0,-8.6441727
0,-8.6441727
0,-5.1457891
0,-5.1457891
0,-5.1457891
10,-3.7572811
0,-3.7572811
5,-3.7572811
0,-3.7572811
0,-3.7572811
3,-3.7572811
0,-3.7572811
6,-3.7572811
0,-3.7572811
0,-3.7572811
0,-3.7572811
6,-3.7572811
9,-3.7572811
7,-3.7572811
25,-3.7572811
17,-3.7572811
0,-3.7572811
1,-5.3967314
0,-5.3967314
0,-5.3967314
0,-5.3967314
0,-5.3967314
3,-5.3967314
0,-5.3967314
0,-5.3967314
0,-5.3967314
0,-5.3967314
0,-5.3967314
0,-5.3967314
0,-.029157298
0,-.029157298
0,-.029157298
0,-.029157298
0,-.029157298
0,-.029157298
8,-.029157298
0,-.029157298
0,-.029157298
5,-.029157298
0,-.029157298
0,-.029157298
0,-3.5251582
0,-3.5251582
2,-3.5251582
1,-3.5251582
0,-3.5251582
0,-3.5251582
0,-3.5251582
0,-3.5251582
0,-3.5251582
0,-3.5251582
0,-3.5251582
1,-3.5251582
9,-3.5251582
0,-2.0387959
0,-2.0387959
0,-2.0387959
0,-2.0387959
0,-2.0387959
0,-2.0387959
0,-2.0387959
3,-2.0387959
0,-2.0387959
0,-2.0387959
2,-2.0387959
0,-2.0387959
0,-2.0387959
0,-2.0387959
0,-2.0387959
0,-1.0217973
0,-.40832606
0,-.40832606
0,-.40832606
0,-.40832606
0,-.40832606
3,-.40832606
0,-.40832606
0,-.40832606
0,-.40832606
3,-.40832606
0,-.40832606
0,-.40832606
2,-.40832606
0,-.40832606
0,-.40832606
5,-.40832606
0,-2.0072162
0,-3.2344294
0,-3.2344294
0,-3.2344294
10,-3.2344294
0,-3.2344294
0,-3.2344294
0,-3.2344294
1,-3.2344294
0,-3.2344294
0,-3.2344294
0,-3.2344294
0,-3.2344294
3,-3.2344294
2,-3.2344294
0,-3.2344294
0,-6.8196774
8,-6.8196774
2,-6.8196774
0,-6.8196774
0,-6.8196774
0,-6.8196774
0,-6.8196774
0,-6.8196774
0,-6.8196774
0,-6.8343301
7,-6.8343301
0,-6.8343301
8,-6.8343301
0,-6.8343301
3,-6.8343301
11,-6.8343301
11,-6.8343301
4,-6.8343301
0,-6.8343301
0,-6.8343301
0,-6.8343301
2,-6.8343301
0,-6.8343301
7,-6.6860571
21,-6.6860571
5,-6.6860571
2,-6.6860571
7,-6.6860571
3,-6.6860571
0,-6.6860571
8,-6.6860571
1,-6.6860571
0,-6.6860571
6,-6.6860571
2,-6.6860571
2,-6.6860571
2,-6.6860571
11,-3.2035873
0,-3.2035873
2,-3.2035873
4,-3.2035873
0,-3.2035873
0,-4.058465
7,-4.058465
7,-4.058465
1,-4.058465
7,-4.058465
10,-4.058465
1,-4.058465
15,-4.058465
0,-4.058465
0,-4.058465
2,-4.058465
5,-4.058465
22,-4.058465
0,-4.058465
7,-4.058465
0,-1.5643405
0,-2.2175021
0,-2.2175021
0,-2.2175021
4,-2.2175021
0,-2.2175021
4,-2.2175021
0,-2.2175021
0,-2.2175021
0,-2.2175021
0,-2.2175021
0,-2.2175021
0,-2.2175021
19,-2.2175021
0,-2.2175021
0,-2.2175021
0,-3.45509
0,-3.45509
0,-3.45509
17,-3.45509
0,-3.45509
0,-3.45509
0,-3.45509
0,-3.45509
0,-3.45509
0,-3.45509
0,-3.45509
0,-3.45509
0,-3.45509
0,-3.45509
0,-3.45509
3,-3.45509
0,-3.45509
5,-3.45509
0,-3.45509
0,-3.45509
10,-2.1016288
7,-2.1016288
0,-2.1016288
0,-2.1016288
0,-2.1016288
0,-2.1016288
0,-2.1016288
0,-2.1016288
20,-2.1016288
0,-2.1016288
0,-2.1016288
0,-2.1016288
19,-2.1016288
0,-2.1016288
5,-2.1016288
0,-2.1016288
14,-2.1016288
2,-2.1016288
0,-2.1016288
0,-2.1016288
0,-1.3771354
0,-1.3771354
0,-1.3771354
0,-1.3771354
1,-1.3771354
8,-1.3771354
0,-1.3771354
0,-1.3771354
0,-1.3771354
28,-1.3771354
0,-1.3771354
0,-1.3771354
0,-1.3771354
0,-1.3771354
4,-1.3771354
0,-1.3771354
7,-1.3771354
21,-1.3771354
0,-1.3771354
0,-1.3771354
4,-1.3771354
2,-1.3771354
0,-1.3771354
0,-1.7520111
0,-1.7520111
0,-1.7520111
0,-1.7520111
0,-1.7520111
0,-1.7520111
0,-1.7520111
0,-1.7520111
0,-1.7520111
0,-1.7520111
11,-1.7520111
0,-1.7520111
0,-1.7520111
0,-1.7520111
0,-1.7520111
0,-1.7520111
0,-5.5426807
0,-5.5426807
4,-5.5426807
0,-5.5426807
0,-5.5426807
0,-5.5426807
0,-5.5426807
0,-5.5426807
0,-5.5426807
17,-5.5426807
0,-5.5426807
3,-5.5426807
0,-5.5426807
5,-5.5426807
4,-5.5426807
0,-5.5426807
0,-.69053346
0,-.69053346
0,-.69053346
11,-.69053346
0,-.69053346
8,-.69053346
3,-.69053346
5,-.69053346
0,-.69053346
0,-.69053346
0,-.69053346
0,-.47897187
0,-.47897187
7,-.47897187
0,-.47897187
0,-.47897187
23,-.47897187
3,-.47897187
18,-.47897187
0,-.47897187
0,-.47897187
20,-.47897187
0,-.47897187
14,-.47897187
0,-.47897187
16,-.47897187
4,-2.2972772
24,-2.2972772
13,-2.2972772
2,-2.2972772
0,-2.2972772
10,-2.2972772
0,-2.2972772
21,-2.2972772
0,-2.2972772
0,-2.2972772
11,-2.2972772
14,-2.2972772
10,-2.2972772
0,-2.2972772
0,-2.2972772
14,-2.2972772
21,-2.2972772
0,-5.9551554
0,-5.9551554
0,-5.9551554
1,-5.9551554
6,-5.9551554
12,-5.9551554
18,-5.9551554
0,-5.9551554
0,-5.9551554
0,-5.9551554
4,-5.9551554
23,-5.9551554
1,-5.9551554
0,-5.9551554
7,-5.9551554
6,-5.9551554
0,-3.789746
0,-3.789746
0,-3.789746
0,-3.789746
8,-1.5635623
0,-3.1064529
7,-3.1064529
10,-3.1064529
11,-3.1064529
0,-3.1064529
11,-3.1064529
9,-3.1064529
0,-3.1064529
0,-3.1064529
12,-3.1064529
0,-3.1064529
5,-3.1064529
0,-3.1064529
0,-3.1064529
2,-3.1064529
0,-2.0004406
0,-2.0004406
0,-2.0004406
19,-2.0004406
4,-2.0004406
0,-2.0004406
9,-2.0004406
28,-2.0004406
0,-2.0004406
0,-2.0004406
0,-2.0004406
0,-2.0004406
2,-2.0004406
0,-2.0004406
0,-2.0004406
15,-2.0004406
9,-2.0004406
9,-2.0004406
0,-2.0004406
0,-1.9980857
0,-1.9980857
0,-1.9980857
0,-1.9980857
0,-1.9980857
0,-1.9980857
4,-1.9980857
18,-1.9980857
0,-1.9980857
0,-1.9980857
0,-1.9980857
0,-1.9980857
0,-1.9980857
0,-1.9980857
3,-1.9980857
0,-4.0917749
14,-4.0917749
0,-4.0917749
1,-4.0917749
16,-4.0917749
10,-4.0917749
0,-4.0917749
0,-4.0917749
1,-4.0917749
8,-4.0917749
9,-4.0917749
8,-4.0917749
12,-4.0917749
9,-4.0917749
0,-1.4796619
0,-1.4796619
0,-1.4796619
15,-1.4796619
0,.52318901
16,.52318901
2,.52318901
4,.52318901
14,.52318901
6,.52318901
8,.52318901
16,.52318901
4,.52318901
5,.52318901
10,.52318901
11,.52318901
0,-3.5856383
9,-3.5856383
0,-3.5856383
7,-3.5856383
0,-3.5856383
0,-3.5856383
0,-3.5856383
0,-3.5856383
0,-3.5856383
0,-3.5856383
5,-3.5856383
11,-3.5856383
0,-3.5856383
0,-3.5856383
0,-3.5856383
28,-3.5856383
0,-3.5856383
0,-3.5856383
0,-3.5856383
11,-3.5856383
11,-.91011715
16,-4.0795646
0,-4.0795646
2,-9.611414
5,-9.611414
0,-9.611414
0,-9.611414
0,-9.611414
9,-9.611414
8,-9.611414
0,-9.611414
1,-9.611414
3,-9.611414
0,-7.8857579
0,-7.8857579
0,-7.8857579
0,-7.8857579
5,-7.8857579
6,-7.8857579
3,-7.8857579
2,-7.8857579
5,-7.8857579
2,-7.8857579
3,-7.8857579
1,-7.8857579
0,-7.8857579
0,-7.8857579
0,-7.8857579
4,-7.8857579
0,-7.8857579
0,-7.8857579
0,-7.8857579
0,-7.8857579
0,-7.8857579
0,-7.41816
16,-7.41816
6,-7.41816
0,-7.41816
0,-9.7808371
0,-9.7808371
0,-9.7808371
4,-8.6511641
4,-9.7808371
0,-9.7808371
2,-9.7808371
0,-9.7808371
0,-9.7808371
0,-9.7808371
0,-9.7808371
0,-9.7808371
0,-9.7808371
0,-9.7808371
0,-9.7808371
0,-9.7808371
0,-9.7808371
0,-9.7808371
0,-9.8392477
19,-9.8392477
0,-9.8392477
0,-9.8392477
4,-9.8392477
0,-9.8392477
6,-9.8392477
0,-9.8392477
7,-9.8392477
0,-9.8392477
5,-9.8392477
8,-9.8392477
2,-9.8392477
3,-9.8392477
0,-9.8392477
0,-9.8392477
9,-9.8392477
0,-10.163834
7,-10.163834
0,-10.163834
0,-10.163834
0,-10.163834
0,-10.163834
0,-10.163834
0,-10.163834
0,-10.163834
0,-10.163834
5,-10.163834
14,-10.163834
0,-10.163834
6,-5.917047
0,-5.917047
0,-5.917047
0,-5.917047
0,-5.917047
8,-5.917047
2,-5.917047
34,-5.917047
4,-5.917047
0,-5.917047
8,-5.917047
5,-5.917047
11,-5.917047
6,-5.917047
2,-5.917047
9,-5.917047
11,-5.917047
0,-15.316532
0,-15.316532
0,-15.316532
0,-15.316532
0,-15.316532
3,-15.316532
0,-15.316532
0,-15.316532
0,-15.316532
0,-15.316532
0,-15.316532
0,-15.316532
0,-15.316532
0,-15.316532
9,-5.9429507
0,-5.9429507
0,-5.9429507
4,-5.9429507
5,-5.9429507
0,-5.9429507
0,-5.9429507
13,-5.9429507
0,-5.9429507
0,-5.9429507
0,-5.9429507
10,-5.9429507
5,-5.9429507
16,-5.9429507
5,-5.9429507
0,-5.9429507
7,-5.9429507
3,-5.7314091
0,-5.7314091
4,-5.7314091
0,-5.7314091
1,-5.7314091
0,-5.7314091
6,-5.7314091
0,-5.7314091
0,-4.7822499
6,-4.7822499
4,-4.7822499
5,-4.7822499
0,-4.7822499
3,-4.7822499
0,-4.7822499
3,-4.7822499
3,-4.7822499
7,-4.7822499
0,-4.7822499
11,-4.7822499
0,-4.7822499
2,-4.7822499
17,-4.7822499
0,-4.7822499
14,-.88286364
0,-.88286364
0,-.88286364
4,-.88286364
0,-.88286364
3,-.88286364
0,-.88286364
0,-.78236091
31,-.78236091
25,-.78236091
0,-.78236091
0,-.78236091
0,-.78236091
0,-.78236091
3,-.78236091
16,-.78236091
0,-.78236091
5,-.78236091
0,-.78236091
0,-.78236091
8,-.78236091
0,-.78236091
4,-.78236091
0,-.78236091
0,-.78236091
3,-.60832328
2,-.60832328
0,-.60832328
28,-.60832328
0,-.60832328
0,-.60832328
14,-.60832328
0,-.60832328
15,-.60832328
8,-.60832328
0,-.60832328
0,-.60832328
35,-.60832328
21,-.60832328
0,-.60832328
0,-.60832328
0,-.60832328
0,-.60832328
0,-1.6755885
0,-1.6755885
0,-1.6755885
0,.31936422
0,.31936422
0,.31936422
7,.31936422
6,.31936422
0,.31936422
7,.31936422
9,.31936422
0,.31936422
7,.31936422
0,.31936422
14,.31936422
9,.31936422
42,.31936422
9,.31936422
0,.31936422
3,-2.4412489
0,-1.1467109
4,-1.1467109
0,-1.1467109
0,-1.1467109
7,-1.1467109
0,-1.1467109
11,-1.1467109
16,-1.1467109
16,-1.1467109
1,-1.1467109
0,-1.1467109
0,-1.1467109
0,-1.1467109
0,-1.1467109
0,-1.1467109
0,-1.1467109
0,-1.1467109
7,-1.1467109
21,-1.1467109
3,-1.290565
0,-1.290565
0,-1.290565
7,-1.290565
2,-1.290565
2,-1.290565
5,-1.290565
0,-1.290565
15,-1.290565
0,-1.290565
3,-1.290565
0,-1.290565
5,-1.290565
0,-1.290565
0,-1.290565
0,-1.290565
0,-1.290565
0,-1.290565
2,-1.290565
7,-.40610388
0,-.40610388
0,-.40610388
0,-.40610388
0,-.40610388
0,-.40610388
5,-.40610388
0,-.40610388
4,-.40610388
8,-.40610388
0,-.40610388
0,-.40610388
0,-.40610388
0,-.40610388
28,-.40610388
0,-.40610388
7,-.40610388
32,-4.4158349
6,-4.4158349
0,-4.4158349
4,-4.4158349
0,-5.4030643
0,-5.4030643
0,-5.4030643
7,-5.4030643
0,-5.4030643
0,-5.4030643
0,-5.4030643
22,-5.4030643
0,-5.4030643
0,-5.4030643
0,-5.4030643
1,-5.4030643
0,-5.4030643
0,-5.4030643
11,-5.4030643
5,-5.4030643
0,-3.3754444
7,-3.3754444
2,-3.3754444
0,-3.3754444
0,-3.3754444
0,-3.3754444
14,-3.3754444
16,-3.3754444
7,-3.3754444
17,-3.3754444
0,-3.3754444
9,-3.3754444
12,-3.3754444
42,-3.3754444
0,-3.3754444
0,-3.3754444
3,-3.3754444
24,-3.3754444
8,-1.4585489
0,-1.4585489
0,-1.4585489
0,-1.4585489
0,-1.4585489
0,-1.4585489
0,-1.4585489
7,-1.4585489
3,-1.4585489
4,-1.4585489
0,-1.4585489
0,-1.4585489
0,-1.4585489
4,-1.4585489
4,-1.4585489
15,-1.4585489
0,-1.4585489
0,-1.4585489
2,-1.4585489
8,-3.0294187
16,-3.0294187
0,-3.0294187
5,-3.0294187
11,-3.0294187
12,-3.0294187
0,-3.0294187
18,-3.0294187
6,-3.0294187
5,-3.0294187
15,-3.0294187
0,-3.0294187
18,-3.0294187
18,-3.0294187
4,-2.6676655
0,-2.6676655
0,-2.6676655
2,-2.6676655
0,-2.6676655
0,-2.6676655
0,-2.6676655
2,-2.6676655
0,-2.6676655
7,-2.6676655
0,-2.6676655
10,-2.6676655
2,-2.6676655
0,-2.6676655
1,-2.6676655
7,-2.6676655
2,-2.6676655
7,-1.9834284
0,-1.9834284
16,-1.9834284
18,-1.9834284
3,-3.463881
14,-3.463881
7,-3.463881
2,-3.463881
9,-3.463881
0,-3.463881
22,-3.463881
0,-3.463881
10,-3.463881
3,-3.463881
7,-3.463881
0,-3.463881
25,-3.463881
4,-3.463881
15,-3.463881
2,-3.463881
1,-3.463881
0,-3.463881
25,-3.463881
0,-2.6348727
0,-2.6348727
4,-2.6348727
5,-2.6348727
4,-2.6348727
4,-2.6348727
0,-2.6348727
2,-2.6348727
14,-1.3199047
16,-1.3199047
16,-1.3199047
7,-1.3199047
16,-1.3199047
16,-1.3199047
0,-1.3199047
12,-1.3199047
0,-1.3199047
22,-1.3199047
22,-1.3199047
42,-1.3199047
0,-1.3199047
3,-1.3199047
0,-1.3199047
7,-1.3199047
0,-1.3199047
9,-1.3199047
0,-6.0418587
2,-6.0418587
0,-6.0418587
1,-6.0418587
3,-6.0418587
2,-6.0418587
2,-6.0418587
0,-6.0418587
0,-6.0418587
4,-6.0418587
3,-6.0418587
0,-6.0418587
10,-6.0418587
0,-6.0418587
0,-6.0418587
17,-6.0418587
8,-1.0480368
14,.26293933
7,.26293933
38,.26293933
16,.26293933
8,.26293933
25,.26293933
8,.26293933
13,.26293933
15,.26293933
16,.26293933
8,.26293933
5,.26293933
0,.26293933
0,.26293933
19,.26293933
0,.26293933
0,-2.3342607
1,-2.3342607
0,-2.3342607
5,.88423771
4,.88423771
23,.88423771
13,.88423771
0,.88423771
11,.88423771
0,.88423771
12,.88423771
10,.88423771
17,.88423771
9,.88423771
17,.88423771
6,.88423771
26,.88423771
2,.88423771
1,.88423771
0,-.64617801
0,-3.0903318
16,-3.0903318
0,-3.0903318
0,-3.0903318
5,-3.0903318
0,-3.0903318
3,-3.0903318
0,-3.0903318
12,-3.0903318
0,-3.0903318
1,-3.0903318
0,-3.0903318
0,-3.0903318
6,-3.0903318
0,-3.0903318
16,-3.0903318
16,-3.0903318
4,-1.5787838
8,-1.5787838
11,-1.5787838
4,-1.5787838
10,-1.5787838
19,-1.5787838
0,-1.5787838
0,-1.5787838
3,-1.5787838
11,-1.5787838
0,-1.5787838
0,-1.5787838
0,-4.9857545
0,-4.9857545
0,-4.9857545
0,-4.9857545
0,-4.9857545
2,-4.9857545
0,-4.9857545
0,-4.9857545
7,-4.9857545
0,-4.9857545
20,-4.9857545
18,-4.9857545
0,-4.9857545
3,-10.090659
12,-10.090659
0,-10.090659
0,-10.090659
0,-10.090659
18,-10.090659
16,-10.090659
0,-10.090659
0,-10.090659
0,-10.090659
0,-10.090659
0,-10.090659
17,-10.090659
0,-7.3979073
0,-7.3979073
16,-7.3979073
1,-8.5275803
0,-8.5275803
0,-8.5275803
5,-5.7295661
0,-5.7295661
0,-5.7295661
2,-5.7295661
0,-5.7295661
0,-6.8592391
0,-5.7295661
0,-5.7295661
0,-5.7295661
0,-5.7295661
0,-5.7295661
0,-5.7295661
7,-5.7295661
0,-5.7295661
0,-5.7295661
0,-5.7295661
9,-5.7295661
0,-5.7295661
2,-7.9444199
0,-7.9444199
0,-7.9444199
7,-7.9444199
0,-7.9444199
0,-7.9444199
2,-7.9444199
34,-7.9444199
0,-7.9444199
44,-7.9444199
0,-7.9444199
0,-7.9444199
2,-7.9444199
16,-7.9444199
0,-7.9444199
0,-7.9444199
0,-7.9444199
6,-6.4957628
7,-6.4957628
0,-6.4957628
0,-6.4957628
0,-6.4957628
0,-7.6254354
0,-6.4957628
0,-6.4957628
0,-6.4957628
7,-6.4957628
0,-6.4957628
1,-6.4957628
0,-7.6254354
0,-6.4957628
0,-6.4957628
7,-6.4957628
0,-6.4957628
0,-6.4957628
3,-6.9156656
0,-7.6389346
0,-7.6389346
0,-7.6389346
16,-7.6389346
0,-7.6389346
6,-7.6389346
0,-7.6389346
0,-7.6389346
0,-7.6389346
5,-7.6389346
4,-7.6389346
0,-7.6389346
4,-7.6389346
0,-7.6389346
0,-7.6389346
22,-7.6389346
0,-7.6389346
0,-7.6389346
2,-6.7993217
0,-6.7993217
0,-6.7993217
0,-6.7993217
5,-6.7993217
3,-6.7993217
12,-6.7993217
0,-6.7993217
9,-6.397553
9,-6.397553
0,-6.3334246
0,-6.3334246
0,-6.3334246
0,-6.3334246
0,-6.3334246
10,-6.3334246
0,-6.3334246
11,-6.3334246
14,-6.3334246
2,-6.3334246
14,-6.3334246
0,-6.3334246
16,-3.0970812
7,-4.6812863
5,-4.6812863
0,-4.6812863
0,-4.6812863
0,-4.6812863
14,-4.6812863
0,-4.6812863
0,-4.6812863
3,-4.6812863
0,-4.6812863
19,-4.6812863
0,-4.6812863
0,-4.6812863
5,-4.6812863
0,-4.6812863
0,-4.6812863
14,-2.4298739
2,-2.4298739
9,-2.4298739
0,-2.4298739
3,-2.4298739
0,-2.4298739
0,-2.4298739
4,-2.4298739
6,-2.4298739
4,-2.4298739
0,-2.4298739
4,-2.4298739
0,-2.4298739
2,-2.4298739
0,-2.4298739
4,-2.4298739
0,-2.4298739
2,-2.4298739
2,-2.4298739
0,-2.4298739
7,-2.4298739
0,-2.4298739
0,-2.3228505
0,-5.2715182
0,-5.2715182
0,-5.2715182
0,-5.2715182
3,-5.2715182
0,-5.2715182
0,-5.2715182
4,-5.2715182
0,-5.2715182
0,-5.2715182
0,-5.2715182
2,-5.2715182
2,-5.2715182
0,-5.2715182
0,-5.2715182
4,-5.2715182
0,-3.5796545
0,-3.5796545
7,-3.5796545
2,-3.5796545
2,-3.5796545
0,-3.5796545
0,-3.5796545
0,-3.5796545
0,-3.5796545
9,-3.5796545
0,-3.5796545
0,-3.5796545
3,-3.5796545
6,-3.5796545
18,-3.5796545
0,-3.5796545
0,-3.5796545
0,-3.5796545
15,-3.5796545
4,-3.5796545
0,-5.0715332
5,-5.0715332
4,-5.0715332
17,-5.0715332
0,-5.0715332
2,-5.0715332
9,-5.0715332
4,-5.0715332
5,-5.0715332
10,-5.0715332
2,-5.0715332
0,-5.0715332
0,-5.0715332
0,-5.0715332
3,-5.0715332
0,-5.1457891
11,-3.8491154
6,-3.8491154
0,-3.8491154
2,-3.8491154
0,-3.8491154
0,-3.8491154
4,-3.8491154
7,-3.8491154
2,-3.8491154
4,-3.8491154
2,-3.8491154
11,-3.8491154
0,-3.8491154
7,-3.8491154
0,-3.8491154
0,-3.8491154
7,-5.3967314
7,-5.3967314
0,-.029157298
0,-.029157298
2,-2.9920521
0,-2.9920521
6,-2.9920521
0,-2.9920521
3,-2.9920521
5,-2.9920521
0,-2.9920521
7,-2.9920521
0,-2.9920521
11,-2.9920521
3,-2.9920521
0,-2.9920521
0,-2.9920521
14,-2.9920521
0,-2.9920521
0,-3.5251582
0,-3.5251582
0,-2.0387959
0,-2.0387959
0,-2.0387959
0,-2.0387959
0,-3.2100878
0,-3.2100878
0,-3.2100878
0,-3.2100878
0,-3.2100878
12,-3.2100878
0,-3.2100878
0,-3.2100878
0,-3.2100878
0,-3.2100878
0,-3.2100878
4,-3.2100878
0,-3.2100878
0,-3.2100878
16,-3.2100878
2,-3.2100878
0,-2.6731832
4,-2.6731832
0,-2.6731832
3,-2.6731832
11,-2.6731832
0,-2.6731832
13,-2.6731832
0,-2.6731832
6,-2.6731832
0,-2.6731832
7,-2.6731832
9,-2.6731832
0,-2.6731832
0,-2.6731832
0,-1.0217973
0,-1.2586186
0,-1.2586186
0,-1.2586186
0,-1.2586186
32,-1.2586186
2,-1.2586186
0,-1.2586186
0,-1.2586186
2,-1.2586186
0,-1.2586186
0,-1.2586186
0,-1.2586186
0,-1.2586186
0,-1.2586186
0,-1.2586186
0,-1.3365538
0,-1.3365538
0,-1.3365538
0,-1.3365538
2,-1.3365538
4,-1.3365538
0,-1.3365538
0,-1.3365538
0,-1.3365538
9,-1.3365538
4,-1.3365538
3,-1.3365538
0,-1.3365538
0,-1.3365538
2,-1.3365538
0,-1.3365538
0,-1.3365538
23,-1.3365538
0,-1.3365538
0,-2.0072162
27,-3.2344294
0,-6.8196774
0,-6.8196774
0,-6.8196774
0,-11.754429
0,-11.754429
0,-11.754429
0,-11.754429
0,-11.754429
0,-10.624756
0,-11.754429
0,-11.754429
0,-11.754429
0,-11.754429
0,-11.754429
2,-6.8343301
0,-6.8343301
0,-6.8343301
0,-3.2035873
0,-3.2035873
9,-4.058465
0,-3.7186079
0,-3.7186079
0,-3.7186079
4,-3.7186079
0,-3.7186079
9,-3.7186079
0,-3.7186079
0,-3.7186079
0,-3.7186079
0,-3.7186079
1,-3.7186079
0,-3.7186079
0,-3.7186079
12,-3.7186079
4,-3.7186079
0,-3.7186079
2,-2.0672612
0,-2.0672612
4,-2.0672612
0,-2.0672612
0,-2.0672612
8,-2.0672612
15,-2.0672612
6,-2.0672612
0,-2.0672612
0,-2.0672612
0,-2.0672612
12,-2.0672612
3,-2.0672612
0,-2.0672612
0,-2.0672612
0,-2.0672612
0,-2.0672612
0,-.62733817
31,-.62733817
2,-.62733817
27,-.62733817
8,-.62733817
0,-.62733817
14,-.62733817
0,-.62733817
4,-.62733817
0,-.62733817
18,-.62733817
0,-.62733817
0,-.62733817
21,-.62733817
29,-.62733817
0,-.62733817
0,-.62733817
0,-1.5643405
12,-1.5643405
8,-1.5643405
0,-1.5643405
0,-1.5643405
28,-2.2175021
22,-.29251134
1,-3.45509
0,-1.3091762
0,-1.3091762
6,-1.3091762
0,-1.3091762
2,-1.3091762
0,-1.3091762
0,-1.3091762
0,-1.3091762
0,-1.3091762
6,-1.3091762
0,-1.3091762
0,-1.3091762
0,-1.3091762
0,-1.3091762
4,-1.3091762
0,-1.3091762
2,-1.3091762
0,-1.3091762
0,-1.3771354
0,-1.7520111
0,-.24157631
14,-.24157631
0,-.24157631
4,-.24157631
0,-.24157631
0,-.24157631
0,-.24157631
0,-.24157631
0,-.24157631
0,-.24157631
0,-.24157631
0,-.24157631
0,-.24157631
0,-.24157631
0,-.24157631
2,-.24157631
12,-.24157631
0,-.24157631
0,-5.5426807
3,-7.2331562
12,-7.2331562
0,-7.2331562
11,-7.2331562
0,-7.2331562
0,-7.2331562
0,-7.2331562
0,-7.2331562
4,-7.2331562
10,-7.2331562
0,-7.2331562
0,-7.2331562
0,-7.2331562
0,-7.2331562
0,-7.2331562
6,-7.2331562
0,-4.5762444
0,-5.4175048
0,-5.4175048
2,-5.4175048
0,-5.4175048
0,-5.4175048
10,-5.4175048
0,-5.4175048
16,-5.4175048
0,-5.4175048
0,-5.4175048
1,-5.4175048
18,-5.4175048
0,-5.4175048
14,-1.8745239
4,-1.8745239
0,-1.8745239
,-1.8745239
10,-1.8745239
0,-1.8745239
0,-1.8745239
5,-1.8745239
5,-1.8745239
4,-1.8745239
3,-1.8745239
5,-1.8745239
0,-1.8745239
4,-1.8745239
4,-1.8745239
0,-1.8745239
0,-1.8745239
4,-1.8745239
0,-1.8745239
16,-2.3698814
0,-2.3698814
0,-2.3698814
0,-2.3698814
7,-2.3698814
24,-2.3698814
0,-2.3698814
3,-2.3698814
6,-2.3698814
8,-2.3698814
0,-2.3698814
11,-2.3698814
0,-2.3698814
0,-2.3698814
0,-2.3698814
3,-2.3698814
19,-2.3698814
3,-5.9551554
0,-3.789746
0,-3.789746
1,-3.789746
0,-1.6858954
0,-1.6858954
2,-1.6858954
11,-1.6858954
0,-1.6858954
0,-1.6858954
5,-1.6858954
3,-1.6858954
18,-1.6858954
34,-1.6858954
17,-1.6858954
0,-1.6858954
24,-1.6858954
5,-1.6858954
0,-1.6858954
14,-1.6858954
4,-1.6858954
0,-1.5041308
13,-1.5041308
1,-1.5041308
18,-1.5041308
8,-1.5041308
0,-1.5041308
0,-1.5041308
11,-1.5041308
1,-1.5041308
1,-1.5041308
9,-1.5041308
20,-1.5041308
19,-1.5041308
0,-1.5041308
3,-1.5041308
6,-1.5041308
0,-1.5041308
0,-1.5041308
14,-1.5041308
10,-1.5041308
6,-1.5041308
0,-2.791328
13,-2.791328
0,-2.791328
25,-2.791328
8,-2.791328
0,-2.791328
8,-2.791328
0,-2.791328
0,-2.791328
0,-2.791328
0,-2.791328
0,-2.791328
3,-2.791328
0,-2.791328
10,-2.7824225
9,-2.7824225
0,-2.7824225
0,-2.7824225
2,-2.7824225
0,-2.7824225
10,-2.7824225
2,-2.7824225
0,-2.7824225
4,-2.7824225
6,-2.7824225
4,-2.7824225
10,-2.7824225
0,-2.7824225
0,-2.7824225
1,-2.7824225
1,-2.7824225
0,-2.7824225
0,-1.5635623
19,-1.5635623
14,-1.0903409
2,-1.0903409
0,-1.0903409
0,-1.0903409
0,-1.0903409
12,-1.0903409
0,-1.0903409
0,-1.0903409
0,-1.0903409
0,-1.0903409
0,-1.0903409
4,-1.0903409
0,-1.0903409
0,-1.0903409
0,-1.0903409
0,-4.4955158
0,-4.4955158
7,-4.4955158
0,-4.4955158
0,-4.4955158
0,-4.4955158
7,-4.4955158
0,-4.4955158
16,-4.4955158
0,-4.4955158
21,-4.4955158
0,-4.4955158
13,-4.4955158
0,-4.4955158
1,-4.4955158
0,-4.4955158
9,-4.4955158
7,-1.4796619
9,-1.4796619
24,-1.4796619
21,-1.4796619
17,-1.4796619
0,-1.4796619
20,-1.4796619
13,-1.4796619
0,-1.4796619
16,-1.4796619
21,-1.4796619
4,-1.4796619
23,-1.4796619
21,-1.4796619
26,-1.4796619
0,-.91011715
0,-.91011715
2,-.91011715
0,-.91011715
0,-.91011715
10,-.91011715
0,-.91011715
8,-.91011715
0,-.91011715
0,-.91011715
0,-.91011715
4,-.91011715
13,-.91011715
0,-.91011715
0,-.91011715
6,-.91011715
0,-.91011715
0,-2.7743819
23,-2.7743819
13,-2.7743819
11,-2.7743819
0,-2.7743819
7,-2.7743819
0,-2.7743819
0,-2.7743819
0,-2.7743819
0,-2.7743819
13,-2.7743819
0,-2.7743819
6,-2.7743819
0,-2.7743819
0,-2.7743819
2,-2.7743819
0,-4.0795646
3,-9.611414
7,-9.611414
0,-9.611414
4,-9.611414
0,-7.8857579
0,-7.8857579
2,-7.8857579
0,-7.8857579
0,-7.41816
0,-7.41816
0,-9.7808371
0,-9.7808371
0,-9.8392477
0,-9.8392477
0,-10.163834
0,-10.163834
4,-10.163834
0,-7.3715587
0,-7.3715587
0,-7.3715587
0,-7.3715587
0,-7.3715587
0,-7.3715587
0,-7.3715587
1,-7.3715587
6,-7.3715587
0,-6.8295622
0,-6.8295622
1,-6.8295622
2,-6.8295622
11,-6.8295622
11,-6.8295622
0,-6.8295622
13,-6.8295622
0,-6.8295622
2,-6.8295622
0,-6.8295622
9,-6.8295622
0,-6.8295622
0,-6.8295622
0,-6.8295622
6,-5.917047
26,-5.917047
18,-5.917047
7,-5.917047
0,-5.9429507
7,-5.9429507
0,-5.9429507
13,-5.7314091
0,-5.7314091
6,-5.7314091
1,-5.7314091
2,-4.7529626
6,-4.7529626
0,-1.2146809
0,-1.2146809
16,-1.2146809
15,-1.2146809
2,-1.2146809
0,-1.2146809
0,-1.2146809
28,-1.2146809
0,-1.2146809
0,-1.2146809
7,-1.2146809
0,-1.2146809
0,-1.2146809
0,-1.2146809
0,-1.2146809
0,-1.2146809
18,-1.2146809
28,-2.3052492
13,-2.3052492
0,-2.3052492
0,-2.3052492
6,-2.3052492
4,-2.3052492
0,-2.3052492
0,-2.3052492
0,-2.3052492
0,-2.3052492
0,-1.4021131
7,-1.4021131
0,-1.4021131
0,-1.4021131
0,-1.4021131
25,-1.4021131
7,-1.4021131
0,-1.4021131
0,-1.4021131
7,-1.4021131
0,-1.4021131
0,-1.4021131
10,-1.4021131
18,-1.4021131
4,-1.4021131
0,-1.4021131
0,-2.4412489
12,-1.9805863
11,-1.9805863
0,-1.9805863
7,-1.9805863
20,-1.9805863
17,-1.9805863
3,-1.9805863
14,-1.9805863
0,-1.9805863
8,-1.9805863
0,-1.9805863
27,-1.9805863
0,-1.9805863
15,-1.9805863
0,-1.9805863
0,-1.9805863
3,-1.9805863
0,-1.9805863
0,-1.9805863
7,-1.9805863
2,-.88726592
0,-.88726592
0,-.88726592
0,-.88726592
0,-.88726592
0,-.88726592
6,-.88726592
7,-.88726592
7,-.88726592
0,-.88726592
2,-.88726592
0,-.88726592
0,-.88726592
0,-.88726592
0,-.88726592
0,-.88726592
0,-.88726592
0,-.88726592
0,-.88726592
3,-.88726592
13,-1.290565
0,-.43231058
6,.69736207
0,.69736207
9,.69736207
12,.69736207
18,.69736207
8,-.43231058
0,.69736207
11,-.43231058
0,.69736207
0,.69736207
16,.69736207
7,.69736207
0,.69736207
0,.69736207
0,-.43231058
0,.69736207
0,-1.8741114
0,-1.8741114
0,-1.8741114
0,-1.8741114
1,-1.8741114
0,-3.0037842
0,-1.8741114
0,-1.8741114
0,-1.8741114
21,-1.8741114
0,-3.0037842
0,-1.8741114
0,-1.8741114
0,-1.8741114
0,-4.4158349
0,-2.5219543
0,-2.5219543
0,-2.5219543
0,-2.5219543
7,-2.5219543
0,-2.5219543
0,-2.5219543
6,-2.5219543
0,-2.5219543
0,-2.5219543
2,-2.5219543
13,-2.5219543
2,-2.5219543
6,-2.5219543
0,-2.5219543
16,-2.5219543
0,-2.5219543
0,-2.5219543
10,-2.5219543
0,-2.5219543
0,-2.5219543
0,-5.4030643
0,-5.4030643
0,-3.3754444
7,-3.8329978
2,-2.5609047
0,-2.5609047
0,-2.5609047
10,-2.5609047
0,-2.5609047
0,-2.5609047
0,-2.5609047
0,-2.5609047
2,-2.5609047
3,-2.5609047
12,-2.5609047
0,-2.5609047
8,-2.5609047
3,-2.5609047
0,-5.5929818
0,-5.5929818
0,-5.5929818
9,-5.5929818
0,-5.5929818
0,-5.5929818
8,-5.5929818
0,-5.5929818
0,-5.5929818
0,-5.5929818
10,-5.5929818
0,-5.5929818
0,-5.5929818
0,-5.5929818
2,-3.0294187
12,-3.0294187
0,-2.6676655
8,-2.6676655
14,-4.9541602
0,-4.9541602
0,-4.9541602
0,-4.9541602
9,-4.9541602
16,-4.9541602
0,-4.9541602
0,-4.9541602
2,-4.9541602
0,-4.9541602
4,-4.9541602
0,-4.9541602
5,-4.9541602
0,-4.9541602
11,-4.9541602
14,-5.936121
11,-5.936121
2,-5.936121
7,-5.936121
7,-5.936121
7,-5.936121
1,-5.936121
0,-5.936121
0,-5.936121
1,-5.936121
0,-5.936121
11,-5.936121
1,-5.936121
13,.24447158
19,.24447158
0,.24447158
7,.24447158
10,.24447158
0,.24447158
14,.24447158
7,.24447158
0,.24447158
3,.24447158
3,.24447158
17,.24447158
3,.24447158
0,.24447158
3,.24447158
13,-.61134362
17,-.61134362
7,-.61134362
0,-.61134362
20,-.61134362
24,-.61134362
38,-.61134362
16,-.61134362
40,-.61134362
21,-.61134362
2,-.61134362
8,-.61134362
6,-.61134362
8,-.61134362
18,-.61134362
0,-6.0418587
1,-6.0418587
2,-6.0418587
12,1.9530576
22,.82338494
10,1.9530576
17,1.9530576
6,1.9530576
0,1.9530576
10,1.9530576
24,1.9530576
4,1.9530576
8,1.9530576
36,1.9530576
12,1.9530576
28,1.9530576
3,1.9530576
9,1.9530576
0,1.9530576
0,1.9530576
1,1.9530576
2,.97373688
3,.97373688
2,.97373688
11,.97373688
38,.97373688
0,.97373688
0,.97373688
4,.97373688
6,.97373688
3,.97373688
21,-.15593575
0,.97373688
14,.97373688
12,.97373688
2,-2.3342607
12,-.42340732
3,-.42340732
8,-.42340732
0,-.42340732
20,-.42340732
2,-.42340732
6,-.42340732
17,-.42340732
4,-.42340732
11,-.42340732
7,-.42340732
2,-.42340732
11,-.42340732
2,-.42340732
0,-.42340732
6,-.42340732
0,-.42340732
0,-.31869897
7,-.31869897
12,-.31869897
4,-.31869897
7,-.31869897
8,-.31869897
3,-.31869897
2,-.31869897
7,-.31869897
20,-.31869897
2,-.31869897
0,-.31869897
6,-.31869897
1,-.31869897
9,-.31869897
5,-.31869897
2,-.31869897
0,-.31869897
0,-.31869897
20,.88423771
0,-3.0903318
0,-2.1706958
6,-2.1706958
0,-2.1706958
0,-2.1706958
2,-2.1706958
0,-2.1706958
8,-2.1706958
0,-2.1706958
19,-2.1706958
0,-2.1706958
2,-2.1706958
0,-2.1706958
7,-2.1706958
0,-1.5747861
14,-1.5747861
14,-1.5747861
17,-1.5747861
0,-1.5747861
3,-1.5747861
0,-1.5747861
9,-1.5747861
0,-1.5747861
0,-1.5747861
2,-1.5747861
17,-1.5747861
21,-1.5747861
0,-1.5747861
11,-1.5747861
9,-1.5747861
0,-1.5747861
15,-1.5747861
10,-4.9857545
0,-4.9857545
10,-4.9857545
0,-10.090659
0,-6.2826142
0,-6.2826142
0,-6.2826142
0,-6.2826142
5,-6.2826142
7,-6.2826142
1,-6.2826142
0,-6.2826142
0,-5.1529417
0,-8.7171526
0,-8.7171526
21,-8.7171526
0,-8.7171526
0,-8.7171526
0,-8.7171526
0,-8.7171526
0,-8.7171526
0,-8.7171526
0,-8.7171526
0,-8.7171526
0,-8.7171526
0,-8.7171526
0,-8.7171526
28,-8.7171526
21,-8.7171526
15,-8.7171526
0,-8.7171526
0,-7.9444199
0,-6.2670436
0,-6.2670436
0,-6.2670436
0,-6.2670436
4,-6.2670436
0,-6.2670436
6,-6.2670436
0,-6.2670436
5,-6.2670436
2,-6.2670436
0,-6.2670436
0,-6.2670436
0,-6.2670436
11,-6.2670436
0,-6.2670436
0,-6.2670436
0,-6.6239753
0,-6.6239753
16,-6.6239753
16,-6.6239753
0,-6.6239753
1,-6.6239753
4,-6.6239753
5,-6.6239753
4,-6.6239753
1,-6.6239753
0,-6.6239753
0,-6.6239753
0,-6.4681048
14,-7.6389346
0,-6.7993217
0,-6.7993217
3,-9.5143824
4,-9.5143824
0,-9.5143824
0,-9.5143824
16,-9.5143824
4,-9.5143824
0,-9.5143824
0,-9.5143824
14,-9.5143824
4,-9.5143824
8,-9.5143824
0,-11.597595
16,-11.597595
3,-11.597595
0,-11.597595
16,-11.597595
0,-11.597595
0,-11.597595
11,-11.597595
16,-11.597595
4,-11.597595
0,-11.597595
0,-11.597595
0,-11.597595
0,-11.597595
0,-11.597595
0,-11.597595
0,-6.3334246
0,-5.5421247
0,-1.0521923
0,-.65585691
3,5.9968543
0,-2.9920521
0,1.2798445
14,1.8167491
0,-1.2557226
0,-2.3297451
0,-2.3297451
0,-11.754429
0,-2.7739382
7,-.87456751
0,-2.8138773
0,-2.8138773
0,-2.8138773
0,-2.1725016
0,-4.4318466
0,-4.4318466
3,.77132457
11,.77132457
0,.77132457
0,-.62733817
0,2.2724302
3,2.2724302
0,2.2724302
5,2.2724302
5,2.2724302
0,-.47966745
0,-.47966745
0,1.0348425
0,3.112797
10,3.112797
0,3.112797
9,7.2594843
0,7.2594843
3,-.47897187
12,-7.2331562
0,-7.2331562
2,-2.7824225
3,-3.1064529
0,-4.3568912
0,-9.8392477
17,1.4490368
22,-.70549351
10,-.16089243
0,5.1872945
0,-3.2861624
6,3.8017938
0,-3.8329978
0,5.1997771
18,5.1997771
0,-3.3336363
3,-.77007353
11,-.77007353
0,-2.5471346
0,-.61134362
9,7.5726628
0,-1.2045882
0,4.5785818
0,.6805616
9,-1.5747861
9,-1.5747861
17,-.10728936
0,-3.3413811
16,-5.1529417
0,-5.1529417
0,-8.5275803
0,-2.9079747
0,-7.5874801
0,-6.9702611
0,-7.877243
0,-7.877243
0,-7.877243
3,-4.8509951
0,-.9067992
0,5.9968543
0,-5.7456551
0,-7.2644963
0,-11.754429
0,-5.3645
6,.058085602
0,-4.058465
0,-2.0672612
16,-2.0672612
0,-.62733817
0,-2.2384424
6,4.9290714
0,4.9290714
0,-7.2331562
12,-4.5762444
7,-4.5762444
0,-1.8745239
0,-2.3698814
0,-2.7824225
9,-3.1064529
0,-1.4796619
0,6.1427941
0,-10.826599
0,-3.9782822
7,5.1872945
0,2.6158209
4,-2.4694688
0,3.7198589
14,1.201695
0,-1.0410231
7,4.0408211
0,-1.5747861
2,-5.1319127
0,-2.9079747
0,-3.097548
0,-3.3873107
0,-3.3873107
0,-5.3384323
0,-8.7707844
0,-7.8857579
7,-5.9779906
